"groupId","pathId","nodeId","value"
"1","1","1","0.0627176059621485"
"1","1","2","0.05210650291082158"
"1","2","1","0.11352296799248715"
"1","2","2","0.03067260881907211"
"1","3","1","0.08375467556069072"
"1","3","2","0.07246985846177764"
"1","4","1","0.08141873876657851"
"1","4","2","0.07913015854238384"
"1","5","1","0.07612862296475408"
"1","5","2","0.078804838464116"
"5","1","1","0.026030275596172773"
"5","1","2","0.11265013327456881"
"5","1","3","0.07494512361986885"
"5","2","1","0.055244417998003684"
"5","2","2","0.08546695223291954"
"5","2","3","0.06049705042730914"
"5","3","1","0.055244417998003684"
"5","3","2","0.08700663798072612"
"5","3","3","0.057740610492448385"
"5","4","1","0.055244417998003684"
"5","4","2","0.08443440101561836"
"5","4","3","0.05770926573901299"
"5","5","1","0.055244417998003684"
"5","5","2","0.049718143711656636"
"5","5","3","0.06354709698376709"
"10","1","1","0.08722799490515201"
"10","1","2","0.11347882767212923"
"10","1","3","0.1606930348812169"
"10","2","1","0.19077499236009218"
"10","2","2","0.09023012637050924"
"10","2","3","0.1606930348812169"
"10","3","1","0.028366204209140204"
"10","3","2","0.12333726338829674"
"10","3","3","0.1606930348812169"
"10","4","1","0.11450869895661314"
"10","4","2","0.18690525853600012"
"10","4","3","0.1606930348812169"
"10","5","1","0.06687348918202911"
"10","5","2","0.11637507920829025"
"10","5","3","0.1606930348812169"
"11","1","1","0.03641045138638177"
"11","1","2","0.047214611443943434"
"11","1","3","0.03483345777606711"
"11","2","1","0.03641045138638177"
"11","2","2","0.07762731760965162"
"11","2","3","0.046588098445959875"
"11","3","1","0.03641045138638177"
"11","3","2","0.061195848174573055"
"11","3","3","0.03374033621120455"
"11","4","1","0.03641045138638177"
"11","4","2","0.05642804922778301"
"11","4","3","0.03195221068977194"
"11","5","1","0.03641045138638177"
"11","5","2","0.07405649991283282"
"11","5","3","0.03648772644938618"
"13","1","1","0.05961283276776815"
"13","1","2","0.14246019018661027"
"13","2","1","0.12479745758131423"
"13","2","2","0.07151264443689016"
"13","2","3","0.0509870624962689"
"13","3","1","0.05493256402961323"
"13","3","2","0.12988294433848133"
"13","3","3","0.15292793640383326"
"13","4","1","0.090973402757854"
"13","4","2","0.19333785577366863"
"13","4","3","0.13364311918339344"
"13","5","1","0.05961283276776815"
"13","5","2","0.17679308290747484"
"13","5","3","0.1575761158911987"
"17","1","1","0.1111100257898282"
"17","1","2","0.1511837942120527"
"17","2","1","0.0726857216489665"
"17","2","2","0.1505385780508411"
"17","2","3","0.12628868552617012"
"17","3","1","0.1111100257898282"
"17","3","2","0.127026187795015"
"17","3","3","0.1637669399416249"
"17","4","1","0.1111100257898282"
"17","4","2","0.055341357488293226"
"17","4","3","0.05303262021297941"
"17","5","1","0.1111100257898282"
"17","5","2","0.21527909528481856"
"17","5","3","0.18419362001996203"
"18","1","1","0.3807047402284046"
"18","1","2","0.12998636676060896"
"18","2","1","0.2031881800940373"
"18","2","2","0.20064555532173395"
"18","3","1","0.32545084137542224"
"18","3","2","0.271716230596363"
"18","4","1","0.24983118860931924"
"18","4","2","0.20373921942289305"
"18","5","1","0.47474960478438616"
"18","5","2","0.18799776584523264"
"21","1","1","0.7828259414772727"
"21","1","2","0.7337458817078516"
"21","1","3","0.7482004454429736"
"21","2","1","0.6851900047743618"
"21","2","2","0.6566662039464048"
"21","3","1","0.7768926869770304"
"21","3","2","0.745857199252556"
"21","4","1","0.7810379337097003"
"21","4","2","0.7384725799830432"
"21","4","3","0.744531711308557"
"21","5","1","0.783589876927704"
"21","5","2","0.7291437955274884"
"21","5","3","0.7328441770287043"
"22","1","1","0.036932597322254"
"22","1","2","0.04062427414774378"
"22","2","1","0.036932597322254"
"22","2","2","0.11880665709285056"
"22","2","3","0.06021822332473119"
"22","3","1","0.036932597322254"
"22","3","2","0.07455565380600507"
"22","3","3","0.029871107015894214"
"22","4","1","0.05516258298374365"
"22","4","2","0.13902514132576713"
"22","4","3","0.04062427414774378"
"22","5","1","0.026563801960153927"
"22","5","2","0.14999125844487599"
"22","5","3","0.04062427414774378"
"31","1","1","0.18131404623097733"
"31","1","2","0.1857220867469581"
"31","1","3","0.4289585355447853"
"31","2","1","0.18131404623097733"
"31","2","2","0.1572671642648749"
"31","2","3","0.3473008205432755"
"31","3","1","0.4324240550347459"
"31","3","2","0.2616306118403264"
"31","3","3","0.5076451464950625"
"31","4","1","0.0903237960772345"
"31","4","2","0.08682581497650797"
"31","4","3","0.05445546834452867"
"31","5","1","0.18131404623097733"
"31","5","2","0.15793057297874274"
"31","5","3","0.06427991258882412"
"34","1","1","0.009362466031131113"
"34","1","2","0.07528731514389993"
"34","1","3","0.1199895322065866"
"34","2","1","0.009362466031131113"
"34","2","2","0.10586047290141773"
"34","2","3","0.177743797167523"
"34","3","1","0.025408488284713236"
"34","3","2","0.1387516173817112"
"34","3","3","0.16195814742411793"
"34","4","1","0.014032451543724157"
"34","4","2","0.10428974106370216"
"34","4","3","0.1319193299185508"
"34","5","1","0.014032451543724157"
"34","5","2","0.09281793072861491"
"34","5","3","0.0953639212954566"
"37","1","1","0.018693180598801384"
"37","1","2","0.054747887523586294"
"37","1","3","0.07647125406016599"
"37","2","1","0.018693180598801384"
"37","2","2","0.09021098676625151"
"37","2","3","0.18549534315886107"
"37","3","1","0.018693180598801384"
"37","3","2","0.060662352275179514"
"37","3","3","0.05964800322263199"
"37","4","1","0.018693180598801384"
"37","4","2","0.09169909765338989"
"37","4","3","0.13796340818220867"
"37","5","1","0.018693180598801384"
"37","5","2","0.08578372441013384"
"37","5","3","0.14915580326546227"
"42","1","1","0.08420017079590718"
"42","1","2","0.20423736465121906"
"42","2","1","0.08420017079590718"
"42","2","2","0.21070311844813835"
"42","2","3","0.12274086405743483"
"42","3","1","0.08420017079590718"
"42","3","2","0.2639016111229542"
"42","3","3","0.14663717455807904"
"42","4","1","0.08471568991096828"
"42","4","2","0.07041615811582932"
"42","4","3","0.13171515139073173"
"42","5","1","0.049797393140926675"
"42","5","2","0.2076620465767763"
"42","5","3","0.11785925633579757"
"43","1","1","0.21768958380769643"
"43","1","2","0.05228530957271074"
"43","2","1","0.22250093192399825"
"43","2","2","0.07110455998162381"
"43","3","1","0.13241731761184578"
"43","3","2","0.055154807397592175"
"43","4","1","0.08808026414372826"
"43","4","2","0.07080508420758137"
"43","5","1","0.12345866712155058"
"43","5","2","0.09948459824072949"
"46","1","1","0.12009019062997724"
"46","1","2","0.03297107129787654"
"46","1","3","0.2179375408855308"
"46","2","1","0.01756465274072179"
"46","2","2","0.09975737504995992"
"46","2","3","0.10285733541154633"
"46","3","1","0.05274755449740835"
"46","3","2","0.07963979742573092"
"46","3","3","0.04606350613850162"
"46","4","1","0.031114190832533698"
"46","4","2","0.1346476003804203"
"46","5","1","0.01993459715303563"
"46","5","2","0.10870229386840113"
"46","5","3","0.13341189388903296"
"47","1","1","0.11419308262756298"
"47","1","2","0.07978979899711053"
"47","1","3","0.050197115148500435"
"47","2","1","0.06776999459603146"
"47","2","2","0.11512914026406956"
"47","2","3","0.04708412788008563"
"47","3","1","0.07350691965235044"
"47","3","2","0.06031739148400297"
"47","3","3","0.026817434128941945"
"47","4","1","0.07350691965235044"
"47","4","2","0.1668709949404704"
"47","4","3","0.05049994338978372"
"47","5","1","0.07350691965235044"
"47","5","2","0.16309502540224452"
"47","5","3","0.050437999951265584"
"52","1","1","0.10099509284010759"
"52","1","2","0.1010270841470787"
"52","1","3","0.4009242814564613"
"52","2","1","0.09198591569355129"
"52","2","2","0.06674535472219051"
"52","2","3","0.25143617142962027"
"52","3","1","0.09198591569355129"
"52","3","2","0.08586266624278346"
"52","3","3","0.29237388158193617"
"52","4","1","0.09198591569355129"
"52","4","2","0.0712398361152531"
"52","4","3","0.12594408701760923"
"52","5","1","0.09198591569355129"
"52","5","2","0.08247794641823049"
"52","5","3","0.039910696343190236"
"53","1","1","0.257168508057109"
"53","1","2","0.1737844585139289"
"53","2","1","0.22618894925874572"
"53","2","2","0.16093184737910982"
"53","3","1","0.1330906866285857"
"53","3","2","0.08445405317316279"
"53","4","1","0.02378014563064426"
"53","4","2","0.11647829399004163"
"53","5","1","0.10087773465115728"
"53","5","2","0.056471891577094306"
"55","1","1","0.03841759011942942"
"55","1","2","0.12493334472829865"
"55","1","3","0.04142546226363883"
"55","2","1","0.0637627640496377"
"55","2","2","0.03769838138358347"
"55","3","1","0.2727722298547903"
"55","3","2","0.056573840885179034"
"55","3","3","0.03769838138358347"
"55","4","1","0.37197882963810963"
"55","4","2","0.0522356521313711"
"55","4","3","0.03769838138358347"
"55","5","1","0.02794733037097234"
"55","5","2","0.02083784790211403"
"55","5","3","0.01027134556763263"
"56","1","1","0.05833415989537638"
"56","1","2","0.6211913830141732"
"56","2","1","0.06139921522762824"
"56","2","2","0.45937023583264464"
"56","3","1","0.1872998328642406"
"56","3","2","0.11459453467608609"
"56","4","1","0.09234230236959778"
"56","4","2","0.4110797459219426"
"56","5","1","0.1020658185182841"
"56","5","2","0.13414023360476324"
"60","1","1","0.07302839536220289"
"60","1","2","0.043741580141615416"
"60","2","1","0.08842911315922393"
"60","2","2","0.04721337679987343"
"60","2","3","0.14433114718506088"
"60","3","1","0.08842911315922393"
"60","3","2","0.048791105111521814"
"60","3","3","0.05469093919897429"
"60","4","1","0.08842911315922393"
"60","4","2","0.05114515919418417"
"60","4","3","0.1972280652317666"
"60","5","1","0.08842911315922393"
"60","5","2","0.062066457051606"
"60","5","3","0.18506394956555783"
"69","1","1","0.13310806572653092"
"69","1","2","0.03951628550299992"
"69","2","1","0.16445734168552603"
"69","2","2","0.27155201427157893"
"69","2","3","0.03198719274262429"
"69","3","1","0.07782528262566468"
"69","3","2","0.05087813024666004"
"69","4","1","0.09855206026808015"
"69","4","2","0.02112314286308423"
"69","4","3","0.1897384258658676"
"69","5","1","0.055332583445908565"
"69","5","2","0.08740545468677142"
"69","5","3","0.11539366256488542"
"71","1","1","0.04011446527843372"
"71","1","2","0.11860077703593994"
"71","1","3","0.15649646887879748"
"71","2","1","0.04011446527843372"
"71","2","2","0.10782127765427894"
"71","2","3","0.05230697416330688"
"71","3","1","0.04011446527843372"
"71","3","2","0.04453174856069311"
"71","3","3","0.048720019014785496"
"71","4","1","0.04011446527843372"
"71","4","2","0.1548597026554292"
"71","4","3","0.05005117316750167"
"71","5","1","0.04011446527843372"
"71","5","2","0.07582920686130848"
"71","5","3","0.05626806186488487"
"79","1","1","0.06573730571061384"
"79","1","2","0.06938787419774871"
"79","2","1","0.10819802316690183"
"79","2","2","0.1267558349903148"
"79","3","1","0.11184766304372033"
"79","3","2","0.12973199288667953"
"79","4","1","0.1260120370538196"
"79","4","2","0.11312008757703612"
"79","5","1","0.07401704802694367"
"79","5","2","0.08823426507429458"
"80","1","1","0.28814942779168556"
"80","1","2","0.059622276941114126"
"80","2","1","0.06879062457407771"
"80","2","2","0.13034326101883634"
"80","2","3","0.11932597993581541"
"80","3","1","0.06803164623303515"
"80","3","2","0.09271026977674456"
"80","3","3","0.05214781087875016"
"80","4","1","0.06803164623303515"
"80","4","2","0.1382489559038671"
"80","4","3","0.09120376168406787"
"80","5","1","0.06803164623303515"
"80","5","2","0.14413072703515367"
"80","5","3","0.09182487179980564"
"87","1","1","0.04171203427303505"
"87","1","2","0.06579897559239174"
"87","1","3","0.04915399112018955"
"87","2","1","0.02132521796509903"
"87","2","2","0.05364179545002314"
"87","2","3","0.07829001000787719"
"87","3","1","0.2016614145670072"
"87","3","2","0.08654478534057493"
"87","3","3","0.11584286512926856"
"87","4","1","0.04171203427303505"
"87","4","2","0.12693983963072913"
"87","4","3","0.13781707128124432"
"87","5","1","0.04171203427303505"
"87","5","2","0.08205190509903548"
"87","5","3","0.14919742974503378"
"89","1","1","0.05177816300981189"
"89","1","2","0.052582101367128174"
"89","1","3","0.05034894294136386"
"89","2","1","0.12228885640939369"
"89","2","2","0.084168629197906"
"89","2","3","0.05034894294136386"
"89","3","1","0.12228885640939369"
"89","3","2","0.08576055878391962"
"89","3","3","0.07345048848901112"
"89","4","1","0.050260959696616474"
"89","4","2","0.14684192110773855"
"89","4","3","0.03977670408145719"
"89","5","1","0.02912366187249087"
"89","5","2","0.10148701218024617"
"89","5","3","0.06961479908390909"
"91","1","1","0.004333167165381898"
"91","1","2","0.0722250511619451"
"91","1","3","0.0759184571465806"
"91","2","1","0.02337970691624465"
"91","2","2","0.13993772676981736"
"91","2","3","0.12006906613646694"
"91","3","1","0.02337970691624465"
"91","3","2","0.19408093651408873"
"91","3","3","0.080137431473115"
"91","4","1","0.02337970691624465"
"91","4","2","0.20998902591856983"
"91","4","3","0.09646172276539584"
"91","5","1","0.03307337945916183"
"91","5","2","0.08517529597542259"
"91","5","3","0.062095711273595804"
"93","1","1","0.17664864557307913"
"93","1","2","0.5810869318149244"
"93","2","1","0.24389517734686214"
"93","2","2","0.17666219991984713"
"93","3","1","0.09271040416087897"
"93","3","2","0.16536739260089414"
"93","4","1","0.14475620514970444"
"93","4","2","0.4775165763736185"
"93","5","1","0.16046242684673415"
"93","5","2","0.2122510308193941"
"94","1","1","0.063529468695077"
"94","1","2","0.31275990941281107"
"94","2","1","0.1161889502055647"
"94","2","2","0.08692632385684018"
"94","2","3","0.11537449030113378"
"94","3","1","0.1161889502055647"
"94","3","2","0.11647831281150534"
"94","3","3","0.1027100553921388"
"94","4","1","0.12194729154019852"
"94","4","2","0.11274828475702986"
"94","4","3","0.11537449030113378"
"94","5","1","0.08346289531864098"
"94","5","2","0.0967258611044101"
"94","5","3","0.31275990941281107"
"95","1","1","0.11533269637317212"
"95","1","2","0.11659167382923419"
"95","2","1","0.11968665192781133"
"95","2","2","0.1630641225273807"
"95","2","3","0.11620612976123541"
"95","3","1","0.08443053936188893"
"95","3","2","0.10683409366477221"
"95","3","3","0.1769665789895524"
"95","4","1","0.08443053936188893"
"95","4","2","0.101568506355161"
"95","4","3","0.14017380544365002"
"95","5","1","0.024927553056394006"
"95","5","2","0.08176316356855301"
"95","5","3","0.08213352440286226"
"97","1","1","0.0468252211438151"
"97","1","2","0.12937524447253526"
"97","1","3","0.1433620787641342"
"97","2","1","0.0468252211438151"
"97","2","2","0.09644519341271257"
"97","2","3","0.24009841921849892"
"97","3","1","0.0468252211438151"
"97","3","2","0.15684851966787713"
"97","3","3","0.09546960104298213"
"97","4","1","0.02247580143206044"
"97","4","2","0.1816968035004692"
"97","4","3","0.09546960104298213"
"97","5","1","0.022954701110269857"
"97","5","2","0.10475611664484523"
"97","5","3","0.04836182493590521"
"100","1","1","0.09007490122732131"
"100","1","2","0.2746541145369375"
"100","2","1","0.08194122457901058"
"100","2","2","0.14374318242695072"
"100","2","3","0.12689285103610892"
"100","3","1","0.08194122457901058"
"100","3","2","0.2490851457857695"
"100","3","3","0.23237751684796645"
"100","4","1","0.052311217355317234"
"100","4","2","0.12490128223518074"
"100","4","3","0.2104892768157178"
"100","5","1","0.10714883438865834"
"100","5","2","0.2039245920404897"
"100","5","3","0.1870040070796093"
"103","1","1","0.09153911270122618"
"103","1","2","0.005354979973788052"
"103","2","1","0.07778624563704208"
"103","2","2","0.01260424204005917"
"103","3","1","0.08578103163583836"
"103","3","2","0.012914143506310463"
"103","4","1","0.05549727747675542"
"103","4","2","0.055912482231561686"
"103","5","1","0.022104575526996396"
"103","5","2","0.09927901698281626"
"103","5","3","0.06365200532068253"
"105","1","1","0.17487681299074476"
"105","1","2","0.14707545209434653"
"105","2","1","0.17487681299074476"
"105","2","2","0.1310393016840411"
"105","2","3","0.11921010905806792"
"105","3","1","0.17487681299074476"
"105","3","2","0.09766116285924159"
"105","3","3","0.1373526592680041"
"105","4","1","0.17487681299074476"
"105","4","2","0.1326113216212632"
"105","4","3","0.1674372127393157"
"105","5","1","0.17877736869407715"
"105","5","2","0.13261568953966374"
"108","1","1","0.013057509536625204"
"108","1","2","0.10730099897593454"
"108","1","3","0.12858697451164236"
"108","2","1","0.013057509536625204"
"108","2","2","0.0740282992965261"
"108","2","3","0.17228518012355976"
"108","3","1","0.01818239615587721"
"108","3","2","0.13420594118535004"
"108","3","3","0.11618041540041447"
"108","4","1","0.01818239615587721"
"108","4","2","0.16879793986495822"
"108","4","3","0.11868847608621717"
"108","5","1","0.01818239615587721"
"108","5","2","0.12068567239682927"
"108","5","3","0.12095191842289882"
"112","1","1","0.06253831104453565"
"112","1","2","0.1376667140964451"
"112","2","1","0.060476144319042684"
"112","2","2","0.11637782753754826"
"112","3","1","0.06842591958651183"
"112","3","2","0.09526792000811678"
"112","4","1","0.10095725942263103"
"112","4","2","0.13263802918371106"
"112","4","3","0.04327087878075769"
"112","5","1","0.07469231874092436"
"112","5","2","0.07716746895153676"
"112","5","3","0.05589068046657988"
"116","1","1","0.1071922156566651"
"116","1","2","0.09623340619400345"
"116","2","1","0.11596452274953359"
"116","2","2","0.09615758421617573"
"116","3","1","0.1271697794373844"
"116","3","2","0.10979551574308062"
"116","3","3","0.10308184823169833"
"116","4","1","0.10025839265220533"
"116","4","2","0.15927926004518939"
"116","4","3","0.09072340641303189"
"116","5","1","0.10025839265220533"
"116","5","2","0.14316769844566676"
"116","5","3","0.11760418190694662"
"117","1","1","0.0785962248212927"
"117","1","2","0.06740938545899844"
"117","2","1","0.08289985578096315"
"117","2","2","0.08294655475896981"
"117","2","3","0.08969687620626582"
"117","3","1","0.08334269480296339"
"117","3","2","0.22061640672285562"
"117","4","1","0.08334269480296339"
"117","4","2","0.09165272538010914"
"117","4","3","0.09489590783271203"
"117","5","1","0.08334269480296339"
"117","5","2","0.06721802491057449"
"117","5","3","0.06255150509476025"
"124","1","1","0.6101950768476017"
"124","1","2","0.3678666144925815"
"124","2","1","0.30829020448222716"
"124","2","2","0.3011834258528665"
"124","3","1","0.29363916682458674"
"124","3","2","0.32927193127778304"
"124","4","1","0.2533003904261863"
"124","4","2","0.23054719000411394"
"124","5","1","0.12033959804861241"
"124","5","2","0.13682653472779435"
"125","1","1","0.10596765046322298"
"125","1","2","0.044981559900247506"
"125","2","1","0.6834349131828092"
"125","2","2","0.07252029794668963"
"125","2","3","0.037230819463075555"
"125","3","1","0.6240319593740661"
"125","3","2","0.0665518448412715"
"125","3","3","0.037230819463075555"
"125","4","1","0.20033337509649943"
"125","4","2","0.05113202424187499"
"125","4","3","0.10404838446941413"
"125","5","1","0.6240319593740661"
"125","5","2","0.04611426854539255"
"125","5","3","0.10404838446941413"
"126","1","1","0.14685886554632532"
"126","1","2","0.07791735715905104"
"126","1","3","0.09066131304751593"
"126","2","1","0.059935938831614584"
"126","2","2","0.07268019746601273"
"126","2","3","0.15503858089704137"
"126","3","1","0.059935938831614584"
"126","3","2","0.07986585574226793"
"126","3","3","0.11642567162181049"
"126","4","1","0.059935938831614584"
"126","4","2","0.06536333841288912"
"126","4","3","0.031674698790832435"
"126","5","1","0.059935938831614584"
"126","5","2","0.08813639950812581"
"126","5","3","0.12004446239324383"
"128","1","1","0.05261832888692023"
"128","1","2","0.07146164246480423"
"128","1","3","0.5206215252399855"
"128","2","1","0.059206350978160384"
"128","2","2","0.11427264378699094"
"128","2","3","0.07271759208354757"
"128","3","1","0.027193743984842745"
"128","3","2","0.1292700955773227"
"128","3","3","0.07271759208354757"
"128","4","1","0.05261832888692023"
"128","4","2","0.13959226970499639"
"128","4","3","0.14106419562250527"
"128","5","1","0.05261832888692023"
"128","5","2","0.1353556878342792"
"128","5","3","0.11130754521682913"
"129","1","1","0.023783873249615728"
"129","1","2","0.04416727122750686"
"129","1","3","0.13302674889830077"
"129","2","1","0.030667452767505862"
"129","2","2","0.0881943216168203"
"129","2","3","0.04841639739882199"
"129","3","1","0.029678343211616786"
"129","3","2","0.09025302444727759"
"129","3","3","0.04841639739882199"
"129","4","1","0.02518670000522404"
"129","4","2","0.1858906413932718"
"129","4","3","0.04841639739882199"
"129","5","1","0.02518670000522404"
"129","5","2","0.032824764125117305"
"129","5","3","0.2208912038364232"
"130","1","1","0.13084863144896033"
"130","1","2","0.17088936029487903"
"130","2","1","0.23411517346146887"
"130","2","2","0.2666465754117372"
"130","2","3","0.21463681450863423"
"130","3","1","0.0907634642870967"
"130","3","2","0.1938883592530293"
"130","3","3","0.17088936029487903"
"130","4","1","0.04502059584794026"
"130","4","2","0.16824045901817622"
"130","4","3","0.10744270725749196"
"130","5","1","0.0907634642870967"
"130","5","2","0.16947563160950835"
"130","5","3","0.21463681450863423"
"134","1","1","0.10037237833658395"
"134","1","2","0.19397755566921646"
"134","1","3","0.11730385003674"
"134","2","1","0.0715826198424209"
"134","2","2","0.15557341169163472"
"134","2","3","0.13882627309987355"
"134","3","1","0.09126827945179804"
"134","3","2","0.08765555455521808"
"134","3","3","0.10805059711195579"
"134","4","1","0.12775178224914405"
"134","4","2","0.1025563421719146"
"134","4","3","0.11730385003674"
"134","5","1","0.12775178224914405"
"134","5","2","0.11351439586253839"
"134","5","3","0.10643762571768692"
"135","1","1","0.1520916859682748"
"135","1","2","0.1387596234655752"
"135","1","3","0.07608106695592053"
"135","2","1","0.13774836349085484"
"135","2","2","0.1870973194059192"
"135","2","3","0.07608106695592053"
"135","3","1","0.1395683257478772"
"135","3","2","0.17179458847242293"
"135","3","3","0.07608106695592053"
"135","4","1","0.1395683257478772"
"135","4","2","0.13871165119032414"
"135","4","3","0.07154482557315975"
"135","5","1","0.1395683257478772"
"135","5","2","0.13148230267186803"
"135","5","3","0.044491797965648894"
"136","1","1","0.0410275041614331"
"136","1","2","0.11036757219446401"
"136","1","3","0.19237827032289762"
"136","2","1","0.04802628403975516"
"136","2","2","0.2154283864772012"
"136","2","3","0.13574131392546956"
"136","3","1","0.04503726788663154"
"136","3","2","0.09351679340256383"
"136","3","3","0.14784644136449823"
"136","4","1","0.049082009270039084"
"136","4","2","0.21000772900953954"
"136","4","3","0.14892715619594363"
"136","5","1","0.05025354105200316"
"136","5","2","0.1330504722326262"
"136","5","3","0.14892715619594363"
"144","1","1","0.5474603934636008"
"144","1","2","0.17500331511842626"
"144","2","1","0.5210205335619982"
"144","2","2","0.12627746076769883"
"144","3","1","0.48616174297314074"
"144","3","2","0.12156039984040751"
"144","4","1","0.09811664945473522"
"144","4","2","0.18504334739961517"
"144","5","1","0.038439535159579506"
"144","5","2","0.06945418878754246"
"149","1","1","0.03634137688804255"
"149","1","2","0.16463281549364564"
"149","1","3","0.04880904802225401"
"149","2","1","0.08598518619676918"
"149","2","2","0.04508282088992987"
"149","2","3","0.037678663351757666"
"149","3","1","0.03634137688804255"
"149","3","2","0.06460308542345569"
"149","3","3","0.037678663351757666"
"149","4","1","0.09743744071015378"
"149","4","2","0.06329114058213485"
"149","4","3","0.037678663351757666"
"149","5","1","0.04101076763182707"
"149","5","2","0.0676524225159479"
"149","5","3","0.04985802940185668"
"152","1","1","0.06310366600563085"
"152","1","2","0.10334821650996384"
"152","2","1","0.11080194833024684"
"152","2","2","0.03235423775494152"
"152","3","1","0.05459989792752573"
"152","3","2","0.10619072308070832"
"152","4","1","0.08218200209714685"
"152","4","2","0.058587905080835945"
"152","5","1","0.10676760081103118"
"152","5","2","0.07854815480888552"
"158","1","1","0.25943235618973415"
"158","1","2","0.05324623172429598"
"158","2","1","0.13479868368325276"
"158","2","2","0.05605766318702632"
"158","3","1","0.25579151636776315"
"158","3","2","0.06102296069430698"
"158","4","1","0.16220530779109835"
"158","4","2","0.08472248141363972"
"158","5","1","0.22838045304380725"
"158","5","2","0.10428602386196638"
"161","1","1","0.07367561295599102"
"161","1","2","0.07614662960349752"
"161","2","1","0.08151501445968563"
"161","2","2","0.11503166902014231"
"161","2","3","0.20387234409395819"
"161","3","1","0.08151501445968563"
"161","3","2","0.1385460961200625"
"161","3","3","0.11127908796518489"
"161","4","1","0.08151501445968563"
"161","4","2","0.18451172559736012"
"161","4","3","0.1904538855274422"
"161","5","1","0.07367561295599102"
"161","5","2","0.1053128201669863"
"161","5","3","0.07705090315179325"
"167","1","1","0.4098185295911539"
"167","1","2","0.010483399762405986"
"167","2","1","0.34810267711692117"
"167","2","2","0.005177469487179122"
"167","3","1","0.15403308819191724"
"167","3","2","0.011681329043529014"
"167","4","1","0.019370335864497237"
"167","4","2","0.08516816640404316"
"167","4","3","0.06506403900064806"
"167","5","1","0.08338874576083902"
"167","5","2","0.047692349463264595"
"167","5","3","0.05607468172812697"
"172","1","1","0.0541681206482898"
"172","1","2","0.06321279155989687"
"172","1","3","0.04560350230982069"
"172","2","1","0.09657086297265163"
"172","2","2","0.15223093137980973"
"172","2","3","0.15455099070026834"
"172","3","1","0.09657086297265163"
"172","3","2","0.14316861797216862"
"172","3","3","0.13879016145654352"
"172","4","1","0.09525873352141064"
"172","4","2","0.09635816643283586"
"172","4","3","0.0946857393816129"
"172","5","1","0.09657086297265163"
"172","5","2","0.12792945459584426"
"172","5","3","0.0946857393816129"
"174","1","1","0.2035768684314027"
"174","1","2","0.0666950141899044"
"174","2","1","0.15690554135857077"
"174","2","2","0.09114344085310733"
"174","3","1","0.2035768684314027"
"174","3","2","0.06078401909940198"
"174","3","3","0.08513914451545124"
"174","4","1","0.2035768684314027"
"174","4","2","0.07516622159419328"
"174","4","3","0.09610103078819018"
"174","5","1","0.15690554135857077"
"174","5","2","0.0924389829296935"
"174","5","3","0.09874307642940212"
"175","1","1","0.04427058582571985"
"175","1","2","1.0"
"175","2","1","0.05504204117814276"
"175","2","2","0.08739049903436463"
"175","3","1","0.033231045885561805"
"175","3","2","0.11056946316276858"
"175","4","1","0.04503907216438102"
"175","4","2","0.06781660764662031"
"175","5","1","0.037315032838098186"
"175","5","2","0.13667635181368754"
"176","1","1","0.05096137327654822"
"176","1","2","0.15485668326070864"
"176","2","1","0.07539472816100824"
"176","2","2","0.24938334830565234"
"176","2","3","0.3967350728967664"
"176","3","1","0.07981980028715391"
"176","3","2","0.11023493402433868"
"176","3","3","0.15485668326070864"
"176","4","1","0.10533376024601471"
"176","4","2","0.07761129942881276"
"176","4","3","0.2604118212573042"
"176","5","1","0.07539472816100824"
"176","5","2","0.21335427128232465"
"176","5","3","0.3544969511020708"
"184","1","1","0.005723432590062368"
"184","1","2","0.16224337695852112"
"184","2","1","0.023808565518144843"
"184","2","2","0.10351064330846411"
"184","3","1","0.01022306477986817"
"184","3","2","0.02021273117697061"
"184","3","3","0.021824384537024625"
"184","4","1","0.005222986017943959"
"184","4","2","0.090143627435975"
"184","4","3","0.09399987483975338"
"184","5","1","0.005723432590062368"
"184","5","2","0.13382602274718725"
"184","5","3","0.13909654209816844"
"187","1","1","0.8310722856915771"
"187","1","2","0.0673343166072808"
"187","2","1","0.07298825245745667"
"187","2","2","0.04885832801262018"
"187","3","1","0.03934476711308749"
"187","3","2","0.09857950204001727"
"187","4","1","0.3459379881453783"
"187","4","2","0.053900307188618574"
"187","5","1","0.048461631784345406"
"187","5","2","0.023521184348845887"
"190","1","1","0.04880180441480341"
"190","1","2","0.05985233472864185"
"190","1","3","0.08749094127093687"
"190","2","1","0.13219199944243354"
"190","2","2","0.048714190719911586"
"190","2","3","0.12576444112314467"
"190","3","1","0.14462159192752838"
"190","3","2","0.024504624272310826"
"190","3","3","0.0645013000992747"
"190","4","1","0.1792007989099389"
"190","4","2","0.20254401971911906"
"190","4","3","0.05092589526977776"
"190","5","1","0.1551634354898529"
"190","5","2","0.23395328360235348"
"190","5","3","0.05092589526977776"
"192","1","1","0.06688983277634904"
"192","1","2","0.0330017119158407"
"192","2","1","0.08312293475345726"
"192","2","2","0.0709615135721124"
"192","3","1","0.07651719409897831"
"192","3","2","0.024732030391534456"
"192","4","1","0.08816687502554876"
"192","4","2","0.0336272386819577"
"192","5","1","0.06583674200138298"
"192","5","2","0.04377025653805127"
"196","1","1","0.031156937001964577"
"196","1","2","0.08936337808896856"
"196","1","3","0.13717142860187576"
"196","2","1","0.031156937001964577"
"196","2","2","0.1390882389296629"
"196","2","3","0.12476421551586132"
"196","3","1","0.031156937001964577"
"196","3","2","0.2082331662046952"
"196","3","3","0.13721046190009745"
"196","4","1","0.031156937001964577"
"196","4","2","0.14144475053301556"
"196","4","3","0.10603516794063593"
"196","5","1","0.025406315632774245"
"196","5","2","0.09744793878999758"
"196","5","3","0.13721046190009745"
"198","1","1","0.09549474804593294"
"198","1","2","0.09509902167368442"
"198","1","3","0.07664510836066869"
"198","2","1","0.15640595214067773"
"198","2","2","0.21406444816229467"
"198","2","3","0.08486035105960377"
"198","3","1","0.11746665544983081"
"198","3","2","0.17300585015761857"
"198","3","3","0.08486035105960377"
"198","4","1","0.14854570081107535"
"198","4","2","0.1525640729535945"
"198","4","3","0.0703104268117172"
"198","5","1","0.12204734468551273"
"198","5","2","0.13158649745312134"
"198","5","3","0.0703104268117172"
"206","1","1","0.3329069965265931"
"206","1","2","0.12045485123265534"
"206","2","1","0.3115163366064384"
"206","2","2","0.12409758585295726"
"206","3","1","0.34489466033731386"
"206","3","2","0.1418810872373884"
"206","4","1","0.29058765591747016"
"206","4","2","0.11576030641239424"
"206","5","1","0.3036540097654648"
"206","5","2","0.13741776155299382"
"209","1","1","0.24898832446681413"
"209","1","2","0.09261611746565668"
"209","2","1","0.04188195377936403"
"209","2","2","0.13115347206966396"
"209","2","3","0.08837217282339146"
"209","3","1","0.040384056327569244"
"209","3","2","0.19692008675226488"
"209","3","3","0.20682994124873874"
"209","4","1","0.040384056327569244"
"209","4","2","0.04836433635157761"
"209","4","3","0.053857042575499614"
"209","5","1","0.04188195377936403"
"209","5","2","0.12018524424276186"
"209","5","3","0.08703077397806688"
"211","1","1","0.05314168119582789"
"211","1","2","0.19154952709707468"
"211","2","1","0.08470267845118484"
"211","2","2","0.12404549405747047"
"211","3","1","0.05365915804426372"
"211","3","2","0.0960104652259604"
"211","4","1","0.08984536220412348"
"211","4","2","0.12758461598579598"
"211","4","3","0.1348065953336529"
"211","5","1","0.09489763623195534"
"211","5","2","0.09209499717641209"
"211","5","3","0.11786223854285685"
"212","1","1","0.044180680359550105"
"212","1","2","0.062381869175920826"
"212","1","3","0.10490072137917832"
"212","2","1","0.04214554048415074"
"212","2","2","0.11098274003001486"
"212","2","3","0.11346741175135407"
"212","3","1","0.04214554048415074"
"212","3","2","0.08024909184784444"
"212","3","3","0.061658777797999546"
"212","4","1","0.04214554048415074"
"212","4","2","0.08777176873992237"
"212","4","3","0.09908067918503002"
"212","5","1","0.04214554048415074"
"212","5","2","0.10741963995123273"
"212","5","3","0.1362417308766396"
"216","1","1","0.040478026668116125"
"216","1","2","0.13179316236223937"
"216","2","1","0.040478026668116125"
"216","2","2","0.11800921809153471"
"216","2","3","0.10612676923673725"
"216","3","1","0.1673310132646876"
"216","3","2","0.0062371258915235196"
"216","3","3","0.05192176703860975"
"216","4","1","0.023236827279677234"
"216","4","2","0.15702008197686856"
"216","4","3","0.08101804823111139"
"216","5","1","0.04124524233663636"
"216","5","2","0.08518244885566507"
"216","5","3","0.07253758024976063"
"217","1","1","0.11132340959132966"
"217","1","2","0.1787410582854429"
"217","1","3","0.05094102758339652"
"217","2","1","0.053619846923414455"
"217","2","2","0.09823023442952081"
"217","2","3","0.06856648672037687"
"217","3","1","0.053619846923414455"
"217","3","2","0.04082955339484016"
"217","3","3","0.049943161268839076"
"217","4","1","0.053619846923414455"
"217","4","2","0.12584203318140233"
"217","4","3","0.09059260587428153"
"217","5","1","0.053619846923414455"
"217","5","2","0.13303556880280273"
"217","5","3","0.17910686794948016"
"218","1","1","0.040247247507110694"
"218","1","2","0.06133805393782873"
"218","2","1","0.04031983033592331"
"218","2","2","0.044948826588670505"
"218","3","1","0.05535997098510506"
"218","3","2","0.06616931602669271"
"218","4","1","0.04682688309358946"
"218","4","2","0.08814298602599334"
"218","5","1","0.06277408445803218"
"218","5","2","0.07749110084238574"
"220","1","1","0.12941458361485686"
"220","1","2","0.176682673749446"
"220","2","1","0.09130229711421431"
"220","2","2","0.07476345380638698"
"220","3","1","0.13685236874605508"
"220","3","2","0.17891526108799358"
"220","4","1","0.0998111535088447"
"220","4","2","0.09793850799960664"
"220","5","1","0.07980878644277328"
"220","5","2","0.08211137790095219"
"224","1","1","0.05947362294943996"
"224","1","2","0.06926801308868194"
"224","2","1","0.057375726339500506"
"224","2","2","0.08476041416856253"
"224","2","3","0.06926801308868194"
"224","3","1","0.08485544872813114"
"224","3","2","0.09797014418330267"
"224","3","3","0.06926801308868194"
"224","4","1","0.09851381923994537"
"224","4","2","0.12283061174726012"
"224","4","3","0.06926801308868194"
"224","5","1","0.09403111925106647"
"224","5","2","0.09545320097728435"
"224","5","3","0.08052375864505265"
"228","1","1","0.1101487469372954"
"228","1","2","0.04763272627270926"
"228","2","1","0.1685427257044766"
"228","2","2","0.3079170511995147"
"228","2","3","0.06547739965185788"
"228","3","1","0.06917285036463214"
"228","3","2","0.060240970349787724"
"228","3","3","0.042407425324929075"
"228","4","1","0.08694890454538837"
"228","4","2","0.12492853373128367"
"228","5","1","0.033905432295677176"
"228","5","2","0.09838157579831658"
"228","5","3","0.07104366646499644"
"233","1","1","0.1088466261326578"
"233","1","2","0.1167667222281371"
"233","2","1","0.11706838757901528"
"233","2","2","0.2363547564916571"
"233","3","1","0.14120840559934678"
"233","3","2","0.20798172288299835"
"233","4","1","0.11666271873589663"
"233","4","2","0.14085689442891944"
"233","5","1","0.12376323715089413"
"233","5","2","0.1411333854899587"
"237","1","1","0.0873330980039387"
"237","1","2","0.06353171821060233"
"237","2","1","0.05513998497163636"
"237","2","2","0.12042106979983425"
"237","3","1","0.03621581257349063"
"237","3","2","0.09068685432580065"
"237","3","3","0.14731285551838408"
"237","4","1","0.05769911822984861"
"237","4","2","0.07758370176054445"
"237","4","3","0.1748870892620061"
"237","5","1","0.06322912104052393"
"237","5","2","0.1101881303096564"
"244","1","1","0.12539117356882173"
"244","1","2","0.11456915240810975"
"244","1","3","0.11940789953643165"
"244","2","1","0.1803999316875827"
"244","2","2","0.16019396150455315"
"244","2","3","0.16153211522610295"
"244","3","1","0.1803999316875827"
"244","3","2","0.09529243927707444"
"244","3","3","0.150920038299993"
"244","4","1","0.1803999316875827"
"244","4","2","0.06374302866282973"
"244","4","3","0.12036008267740667"
"244","5","1","0.1803999316875827"
"244","5","2","0.16019944983146617"
"244","5","3","0.14363118455544147"
"247","1","1","0.23705321537084192"
"247","1","2","0.06357293160494902"
"247","2","1","0.0499799052495355"
"247","2","2","0.1122849878592813"
"247","2","3","0.09867259571173824"
"247","3","1","0.1804758610835232"
"247","3","2","0.05847845925018702"
"247","3","3","0.08886741993780424"
"247","4","1","0.07109450785999705"
"247","4","2","0.06221418826011103"
"247","4","3","0.034747329198431084"
"247","5","1","0.7331736866929329"
"247","5","2","0.09951488517225665"
"247","5","3","0.07804932107233233"
"254","1","1","0.16361452138465415"
"254","1","2","0.07720262806627522"
"254","1","3","0.09226226258989335"
"254","2","1","0.1906785132652702"
"254","2","2","0.10875254980965998"
"254","3","1","0.17077956101357789"
"254","3","2","0.1455152103002724"
"254","4","1","0.08219345084081742"
"254","4","2","0.08250955064868658"
"254","4","3","0.1337906679486122"
"254","5","1","0.17069797455296673"
"254","5","2","0.09339448921762067"
"254","5","3","0.14409231285059546"
"257","1","1","0.016540422685079038"
"257","1","2","0.07325471110491008"
"257","2","1","0.016540422685079038"
"257","2","2","0.14395915479581287"
"257","2","3","0.04168248217048667"
"257","3","1","0.012432020839849596"
"257","3","2","0.11215967997553958"
"257","3","3","0.0508609964072452"
"257","4","1","0.018655134795449613"
"257","4","2","0.22025049633246482"
"257","4","3","0.07325471110491008"
"257","5","1","0.018580693051705472"
"257","5","2","0.21665983778389064"
"257","5","3","0.07325471110491008"
"259","1","1","0.07405283167488501"
"259","1","2","0.14315131720343507"
"259","2","1","0.07405283167488501"
"259","2","2","0.132635733024693"
"259","2","3","0.14582531145870886"
"259","3","1","0.13865269338774325"
"259","3","2","0.06136472204976268"
"259","3","3","0.08885170400517971"
"259","4","1","0.08481211879123071"
"259","4","2","0.13279697657813241"
"259","4","3","0.07578266758154098"
"259","5","1","0.13865269338774325"
"259","5","2","0.0869350455489084"
"259","5","3","0.25354051659588045"
"266","1","1","0.028279086404503204"
"266","1","2","0.15955906694784838"
"266","1","3","0.18238302645770746"
"266","2","1","0.026306575281779383"
"266","2","2","0.032837228655298645"
"266","2","3","0.09328013545159552"
"266","3","1","0.01427415259582919"
"266","3","2","0.15401125096642787"
"266","3","3","0.12613597857922182"
"266","4","1","0.028279086404503204"
"266","4","2","0.14653508770771465"
"266","4","3","0.13728526507987546"
"266","5","1","0.028279086404503204"
"266","5","2","0.1547218952153174"
"266","5","3","0.1272000954165305"
"268","1","1","0.03427530270705684"
"268","1","2","0.11193147371184374"
"268","2","1","0.03427530270705684"
"268","2","2","0.16970701573443317"
"268","2","3","0.09939414711370682"
"268","3","1","0.030657527521227072"
"268","3","2","0.11990095547578772"
"268","4","1","0.035152036521837536"
"268","4","2","0.1661142268501598"
"268","4","3","0.14641958861916898"
"268","5","1","0.03978263092186463"
"268","5","2","0.2349061134019716"
"268","5","3","0.13159729963265446"
"271","1","1","0.08160103661113002"
"271","1","2","0.14062791307742598"
"271","1","3","0.14842028961931122"
"271","2","1","0.2579083974200445"
"271","2","2","0.055247593928727655"
"271","2","3","0.04145680415823374"
"271","3","1","0.159738722316499"
"271","3","2","0.045196600021535305"
"271","3","3","0.12300958844755963"
"271","4","1","0.24811468378842888"
"271","4","2","0.04008044730955429"
"271","4","3","0.11835929886267095"
"271","5","1","0.24811468378842888"
"271","5","2","0.032619004539977875"
"271","5","3","0.17690151076496363"
"273","1","1","0.09165651256620766"
"273","1","2","0.053599896560953486"
"273","1","3","0.09158233660587291"
"273","2","1","0.0566862761747194"
"273","2","2","0.03660520734443872"
"273","2","3","0.06909573751599432"
"273","3","1","0.0566862761747194"
"273","3","2","0.02926859728163548"
"273","3","3","0.025353859259968102"
"273","4","1","0.0566862761747194"
"273","4","2","0.0747400662762937"
"273","4","3","0.050811717687453226"
"273","5","1","0.0566862761747194"
"273","5","2","0.05303042402913676"
"273","5","3","0.04473021242958524"
"274","1","1","0.03464475050903969"
"274","1","2","0.06650141624898664"
"274","2","1","0.03464475050903969"
"274","2","2","0.1017634239427823"
"274","2","3","0.09382715969426332"
"274","3","1","0.08042956796102786"
"274","3","2","0.15727903765879817"
"274","3","3","0.1097660217262432"
"274","4","1","0.04452309974405941"
"274","4","2","0.12865776470457282"
"274","4","3","0.1012178282695247"
"274","5","1","0.04452309974405941"
"274","5","2","0.14709117854992135"
"274","5","3","0.111709360941881"
"275","1","1","0.06310925137701799"
"275","1","2","0.11633505720804196"
"275","1","3","0.11806397647137724"
"275","2","1","0.09187939494235783"
"275","2","2","0.17895194270952164"
"275","2","3","0.15953962702019747"
"275","3","1","0.09187939494235783"
"275","3","2","0.12930126877940662"
"275","3","3","0.1807530991369735"
"275","4","1","0.09187939494235783"
"275","4","2","0.11695439711120081"
"275","4","3","0.12831078130800985"
"275","5","1","0.09187939494235783"
"275","5","2","0.11525036558152954"
"275","5","3","0.13898812391329252"
"276","1","1","0.3158840183521656"
"276","1","2","0.05713673612080283"
"276","2","1","0.4010777819122898"
"276","2","2","0.2820115872441136"
"276","2","3","0.026322008325996165"
"276","3","1","0.3158840183521656"
"276","3","2","0.12913547135351539"
"276","3","3","0.03827937744840494"
"276","4","1","0.4010777819122898"
"276","4","2","0.17860282572731606"
"276","4","3","0.06927210102913951"
"276","5","1","0.18484307635801053"
"276","5","2","0.1128825068799688"
"276","5","3","0.03827937744840494"
"279","1","1","0.09442270063686108"
"279","1","2","0.11480771664189517"
"279","2","1","0.08561604656276446"
"279","2","2","0.13328750158325406"
"279","2","3","0.1437017528232793"
"279","3","1","0.08130686933268282"
"279","3","2","0.08379999037277877"
"279","3","3","0.1591199244347205"
"279","4","1","0.03462148712444691"
"279","4","2","0.19659387165199424"
"279","4","3","0.14951304772339613"
"279","5","1","0.03462148712444691"
"279","5","2","0.14115706645200013"
"279","5","3","0.19711038590937496"
"281","1","1","0.16013880647882278"
"281","1","2","0.07755106259618415"
"281","2","1","0.19113127878625774"
"281","2","2","0.27270751671497856"
"281","3","1","0.07833506727747712"
"281","3","2","0.10299240590691265"
"281","4","1","0.06357579299843194"
"281","4","2","0.0765019274784342"
"281","5","1","0.1248676136299199"
"281","5","2","0.1312214498111834"
"282","1","1","0.06576868534026967"
"282","1","2","0.05700227843566705"
"282","2","1","0.059329071153026956"
"282","2","2","0.09698044092044934"
"282","2","3","0.04764558176461121"
"282","3","1","0.059329071153026956"
"282","3","2","0.09785517855253033"
"282","3","3","0.08401920109165648"
"282","4","1","0.06576868534026967"
"282","4","2","0.04836965734726119"
"282","4","3","0.08894656590271902"
"282","5","1","0.059329071153026956"
"282","5","2","0.09083088869258805"
"282","5","3","0.1192540049288094"
"290","1","1","0.059457448378536844"
"290","1","2","0.07004039427921366"
"290","1","3","0.10139270664977759"
"290","2","1","0.08599733258918021"
"290","2","2","0.06696419076142614"
"290","2","3","0.06760306648521706"
"290","3","1","0.058988714130831586"
"290","3","2","0.1076445115818319"
"290","3","3","0.06157122848695323"
"290","4","1","0.021057534141445212"
"290","4","2","0.03508448954374542"
"290","4","3","0.06832875199590831"
"290","5","1","0.04746391094511587"
"290","5","2","0.09391573334118435"
"290","5","3","0.06950371457359786"
"292","1","1","0.27293403179816117"
"292","1","2","0.3168801564176935"
"292","2","1","0.09074088884727273"
"292","2","2","0.08447272665728049"
"292","3","1","0.10547737123862856"
"292","3","2","0.07032829495829276"
"292","4","1","0.14093130093509074"
"292","4","2","0.13903040535889333"
"292","5","1","0.1590181623969876"
"292","5","2","0.1836767866512197"
"293","1","1","0.08530791110281748"
"293","1","2","0.08908078925031256"
"293","2","1","0.061141770347376855"
"293","2","2","0.054458037540665735"
"293","3","1","0.08832355404395283"
"293","3","2","0.07339142732389112"
"293","4","1","0.1122340271429526"
"293","4","2","0.05791209495604881"
"293","5","1","0.1083043177725805"
"293","5","2","0.08268890125904142"
"294","1","1","0.037168610416112316"
"294","1","2","0.10332004709728743"
"294","1","3","0.049544984930964764"
"294","2","1","0.037168610416112316"
"294","2","2","0.20785064582711638"
"294","2","3","0.06718250820670636"
"294","3","1","0.037168610416112316"
"294","3","2","0.07988012654314693"
"294","3","3","0.11971676679684078"
"294","4","1","0.037168610416112316"
"294","4","2","0.06511599653268946"
"294","4","3","0.18722651826358622"
"294","5","1","0.037168610416112316"
"294","5","2","0.07451583148112965"
"294","5","3","0.18704661458493443"
"295","1","1","0.04583928122142719"
"295","1","2","0.06837820958707438"
"295","2","1","0.07498610808187015"
"295","2","2","0.15449676154530256"
"295","2","3","0.06630460387704137"
"295","3","1","0.07498610808187015"
"295","3","2","0.22280869232423597"
"295","3","3","0.0906624590518622"
"295","4","1","0.07498610808187015"
"295","4","2","0.1360513078711694"
"295","4","3","0.0605591558160401"
"295","5","1","0.052527824432363875"
"295","5","2","0.15003400658454677"
"295","5","3","0.050742390910616844"
"296","1","1","0.0257982033694264"
"296","1","2","0.06589461298623363"
"296","1","3","0.09369695151611923"
"296","2","1","0.023479947329274217"
"296","2","2","0.1126126780728131"
"296","2","3","0.1106291816101194"
"296","3","1","0.019661762678179658"
"296","3","2","0.03236363467614919"
"296","3","3","0.08608947006270519"
"296","4","1","0.019661762678179658"
"296","4","2","0.03547233978247077"
"296","4","3","0.08246317915154922"
"296","5","1","0.051573003350442355"
"296","5","2","0.16397078452574118"
"296","5","3","0.09717118615250403"
"301","1","1","0.05541458013727424"
"301","1","2","0.04375886855188786"
"301","2","1","0.07329614743787757"
"301","2","2","0.35910038993509175"
"301","3","1","0.058218102126276094"
"301","3","2","0.0447010372418866"
"301","4","1","0.07535649900569462"
"301","4","2","0.07419132216315055"
"301","5","1","0.04049697310471283"
"301","5","2","0.05297763469208372"
"303","1","1","0.05883367984207478"
"303","1","2","0.05022961038185659"
"303","2","1","0.05883367984207478"
"303","2","2","0.036618134434903464"
"303","2","3","0.13054669061024715"
"303","3","1","0.05883367984207478"
"303","3","2","0.08438445959335573"
"303","3","3","0.07740985385689068"
"303","4","1","0.03652053317595733"
"303","4","2","0.1064717844005067"
"303","4","3","0.043871827800792615"
"303","5","1","0.04619431057621057"
"303","5","2","0.115133832473935"
"303","5","3","0.039086820017351726"
"307","1","1","0.11891835618749219"
"307","1","2","1.0"
"307","2","1","0.13031569311501268"
"307","2","2","0.24575255157520454"
"307","3","1","0.11536465151814092"
"307","3","2","0.1944292448425845"
"307","4","1","0.04953322047704137"
"307","4","2","0.1153751721399667"
"307","5","1","0.04738364983859171"
"307","5","2","0.16075809002794647"
"310","1","1","0.015706239138298585"
"310","1","2","0.1347260103334152"
"310","2","1","0.015706239138298585"
"310","2","2","0.18692741553493558"
"310","2","3","0.12144367495251517"
"310","3","1","0.011107880939358774"
"310","3","2","0.17914228921947695"
"310","3","3","0.12141674991083701"
"310","4","1","0.015706239138298585"
"310","4","2","0.11156884357199301"
"310","4","3","0.09361558589619622"
"310","5","1","0.015706239138298585"
"310","5","2","0.20232912739854442"
"310","5","3","0.1274554046573549"
"312","1","1","0.19433413521893186"
"312","1","2","0.0408481373211854"
"312","1","3","0.1621017799538255"
"312","2","1","0.19433413521893186"
"312","2","2","0.049402910932954465"
"312","2","3","0.14916692647351384"
"312","3","1","0.07101673245426168"
"312","3","2","0.051359675154513326"
"312","3","3","0.1493063332954554"
"312","4","1","0.07101673245426168"
"312","4","2","0.060327704738079246"
"312","4","3","0.16561419500851848"
"312","5","1","0.07101673245426168"
"312","5","2","0.051452333937410964"
"312","5","3","0.15499363549164902"
"316","1","1","0.09748371217800293"
"316","1","2","0.03193463878803814"
"316","2","1","0.14022854584057254"
"316","2","2","0.04072824342435152"
"316","3","1","0.19848038506143673"
"316","3","2","0.05837419300764788"
"316","4","1","0.18582539587666475"
"316","4","2","0.05038784900983398"
"316","5","1","0.043341723749378475"
"316","5","2","0.08332873181103835"
"318","1","1","0.06773986521780764"
"318","1","2","0.028099868911965697"
"318","2","1","0.08819573157497716"
"318","2","2","0.16675657587113293"
"318","2","3","0.05039656044000081"
"318","3","1","0.08819573157497716"
"318","3","2","0.04343246469863068"
"318","3","3","0.032947813104814934"
"318","4","1","0.08819573157497716"
"318","4","2","0.0844749127015259"
"318","4","3","0.032504280787579845"
"318","5","1","0.08819573157497716"
"318","5","2","0.08067294313466453"
"318","5","3","0.047212895177100096"
"325","1","1","0.7229618277563293"
"325","1","2","0.7229618277563293"
"325","2","1","0.7229618277563293"
"325","2","2","0.7229618277563293"
"325","3","1","0.7229618277563293"
"325","3","2","0.7229618277563293"
"325","4","1","0.7229618277563293"
"325","4","2","0.7229618277563293"
"325","5","1","0.7229618277563293"
"325","5","2","0.7229618277563293"
"331","1","1","0.02668041093363285"
"331","1","2","0.4515598510262618"
"331","1","3","0.1894415983248231"
"331","2","1","0.02668041093363285"
"331","2","2","0.1091764049552626"
"331","2","3","0.16566351577075067"
"331","3","1","0.02668041093363285"
"331","3","2","0.08217379809073766"
"331","3","3","0.14018556185614967"
"331","4","1","0.027298730019530832"
"331","4","2","0.2464846458804715"
"331","4","3","0.06067656492043291"
"331","5","1","0.026177316083245004"
"331","5","2","0.14835874838998633"
"331","5","3","0.06067656492043291"
"333","1","1","0.08881157786564582"
"333","1","2","0.10778931356011953"
"333","1","3","0.059488602010886536"
"333","2","1","0.07477189662603852"
"333","2","2","0.06129614644749904"
"333","2","3","0.08254141462576099"
"333","3","1","0.07477189662603852"
"333","3","2","0.08876385744441333"
"333","3","3","0.15314680329725583"
"333","4","1","0.07477189662603852"
"333","4","2","0.10087295383164609"
"333","4","3","0.1791958861125932"
"333","5","1","0.07477189662603852"
"333","5","2","0.11810210948483733"
"333","5","3","0.12335618123632451"
"335","1","1","0.06824274853375538"
"335","1","2","0.14453283790195315"
"335","1","3","0.1730239634507566"
"335","2","1","0.0602987199377713"
"335","2","2","0.19239737764503434"
"335","2","3","0.15049406397572257"
"335","3","1","0.0602987199377713"
"335","3","2","0.15952245847562685"
"335","3","3","0.17517077292682243"
"335","4","1","0.0602987199377713"
"335","4","2","0.2797046311071131"
"335","4","3","0.2388336166393373"
"335","5","1","0.20052818029149033"
"335","5","2","0.09292402124381871"
"335","5","3","0.2388336166393373"
"336","1","1","0.0497094402827201"
"336","1","2","0.07526536521265768"
"336","1","3","0.0788356782911164"
"336","2","1","0.04113650058426098"
"336","2","2","0.09818605036884687"
"336","3","1","0.04113650058426098"
"336","3","2","0.04055052061923097"
"336","3","3","0.058203691965028545"
"336","4","1","0.04113650058426098"
"336","4","2","0.0627072198831982"
"336","4","3","0.0809127734507427"
"336","5","1","0.04113650058426098"
"336","5","2","0.06609094045814576"
"336","5","3","0.07144240573320544"
"337","1","1","0.07338941891728638"
"337","1","2","0.11938814621279939"
"337","2","1","0.07338941891728638"
"337","2","2","0.07209745377270672"
"337","2","3","0.0741145842259156"
"337","3","1","0.07338941891728638"
"337","3","2","0.09785218436436521"
"337","3","3","0.09213479234425803"
"337","4","1","0.16090735586014687"
"337","4","2","0.1623261093639819"
"337","4","3","0.09906776711036788"
"337","5","1","0.07338941891728638"
"337","5","2","0.14176268972700304"
"337","5","3","0.09906776711036788"
"343","1","1","0.021849673283493923"
"343","1","2","0.13098507607127027"
"343","2","1","0.07224992165680322"
"343","2","2","0.08605643644994079"
"343","2","3","0.06997911766032132"
"343","3","1","0.021849673283493923"
"343","3","2","0.09509074639313912"
"343","3","3","0.13841672397627894"
"343","4","1","0.0627791025086963"
"343","4","2","0.06124887925330215"
"343","4","3","0.06012511192921815"
"343","5","1","0.021849673283493923"
"343","5","2","0.0828241669796287"
"343","5","3","0.14020894931878433"
"346","1","1","0.014821052273612545"
"346","1","2","0.041232895160036344"
"346","1","3","0.03572177440556384"
"346","2","1","0.014821052273612545"
"346","2","2","0.07003423873444248"
"346","2","3","0.035174792050616674"
"346","3","1","0.014821052273612545"
"346","3","2","0.05043867975319846"
"346","3","3","0.030188952137055046"
"346","4","1","0.014821052273612545"
"346","4","2","0.06213720181066515"
"346","4","3","0.038618343934371975"
"346","5","1","0.014821052273612545"
"346","5","2","0.07809784233096183"
"346","5","3","0.04739617029209069"
"349","1","1","0.6624620526323255"
"349","1","2","0.02760640960122103"
"349","1","3","0.08207085184598678"
"349","2","1","0.018534774828799994"
"349","2","2","0.0377696792100324"
"349","2","3","0.07812396232176282"
"349","3","1","0.018534774828799994"
"349","3","2","0.17574898686326795"
"349","3","3","0.1399607348140966"
"349","4","1","0.018534774828799994"
"349","4","2","0.08170665152988074"
"349","4","3","0.2912892848832081"
"349","5","1","0.018534774828799994"
"349","5","2","0.14603524642677906"
"349","5","3","0.14632003293002122"
"353","1","1","0.04737170827987918"
"353","1","2","0.10233998714586326"
"353","1","3","0.09756477414883831"
"353","2","1","0.06265814865651918"
"353","2","2","0.13972589804562047"
"353","2","3","0.12161698071223029"
"353","3","1","0.06833334434235346"
"353","3","2","0.16706743014629297"
"353","3","3","0.12161698071223029"
"353","4","1","0.028600249485676167"
"353","4","2","0.13439674376191169"
"353","4","3","0.13793494570062956"
"353","5","1","0.10020163453113884"
"353","5","2","0.12702042298058805"
"353","5","3","0.1077124691569373"
"356","1","1","0.22038809904564277"
"356","1","2","0.1721981984169973"
"356","1","3","0.11701519322434949"
"356","2","1","0.2581080096216057"
"356","2","2","0.6957371017903955"
"356","2","3","0.2727535476007017"
"356","3","1","0.174449689532252"
"356","3","2","0.18512425758039283"
"356","3","3","0.17553984411669493"
"356","4","1","0.2378430435791463"
"356","4","2","0.32612093090960126"
"356","5","1","0.2581080096216057"
"356","5","2","0.4096471103148133"
"356","5","3","0.405066966114268"
"361","1","1","0.07163906801136648"
"361","1","2","0.07523357791075598"
"361","2","1","0.13544986572873596"
"361","2","2","0.3122726476214319"
"361","3","1","0.13544986572873596"
"361","3","2","0.10540311993242955"
"361","3","3","0.10346869974340442"
"361","4","1","0.06679682951662054"
"361","4","2","0.15144390523611218"
"361","4","3","0.05355761178502329"
"361","5","1","0.041504322698095494"
"361","5","2","0.12971642172913503"
"361","5","3","0.05355761178502329"
"364","1","1","0.03390766821300526"
"364","1","2","0.10327879701374232"
"364","1","3","0.10716386404204958"
"364","2","1","0.041199995839357254"
"364","2","2","0.10779057499135403"
"364","2","3","0.1423654636693257"
"364","3","1","0.041199995839357254"
"364","3","2","0.13601956101767493"
"364","3","3","0.14676769167002976"
"364","4","1","0.06199378099003714"
"364","4","2","0.0926042096761488"
"364","4","3","0.14705523192045392"
"364","5","1","0.06199378099003714"
"364","5","2","0.15843919275362395"
"364","5","3","0.10244122249417154"
"370","1","1","0.10841188065125709"
"370","1","2","0.10497326536007574"
"370","1","3","0.11914313299180035"
"370","2","1","0.06998012973229151"
"370","2","2","0.10753866624025034"
"370","2","3","0.1840640142073602"
"370","3","1","0.07093758971138553"
"370","3","2","0.1783795146387843"
"370","3","3","0.07710138191095393"
"370","4","1","0.11548186289385409"
"370","4","2","0.09798828461041517"
"370","4","3","0.17482340214222336"
"370","5","1","0.11548186289385409"
"370","5","2","0.08525824844931587"
"370","5","3","0.18432440084807852"
"374","1","1","0.1362045286691146"
"374","1","2","0.13289590433756956"
"374","2","1","0.05077237922206189"
"374","2","2","0.053856628618594256"
"374","3","1","0.028829559998832795"
"374","3","2","0.1416869675781669"
"374","4","1","0.0239603494128418"
"374","4","2","0.07696337448649679"
"374","5","1","0.10368584388945774"
"374","5","2","0.036502472083465846"
"377","1","1","0.45996429195827987"
"377","1","2","0.4724412714750218"
"377","2","1","0.39547620958686713"
"377","2","2","0.30133002832327244"
"377","3","1","0.3007343934174673"
"377","3","2","0.2462953533260401"
"377","4","1","0.21707625989563134"
"377","4","2","0.17346577137985572"
"377","5","1","0.1996741970670735"
"377","5","2","0.15839761090074364"
"378","1","1","0.08473409009350553"
"378","1","2","0.09372637618165064"
"378","1","3","0.07217046343849251"
"378","2","1","0.05650294339862147"
"378","2","2","0.10733829749301688"
"378","2","3","0.07569431107004648"
"378","3","1","0.05650294339862147"
"378","3","2","0.0832924585330204"
"378","3","3","0.12324936602352426"
"378","4","1","0.05650294339862147"
"378","4","2","0.11001195281715732"
"378","4","3","0.08569247943814333"
"378","5","1","0.05650294339862147"
"378","5","2","0.10603464837721437"
"378","5","3","0.06999376674057091"
"381","1","1","0.09687797341853384"
"381","1","2","0.15356200278368767"
"381","1","3","0.19501041762424784"
"381","2","1","0.12638365313073033"
"381","2","2","0.17960764241744528"
"381","2","3","0.2222112912132766"
"381","3","1","0.12755172434685264"
"381","3","2","0.21734321949044957"
"381","3","3","0.18265657101227137"
"381","4","1","0.11144676094247906"
"381","4","2","0.15565324653902798"
"381","4","3","0.09372756854758447"
"381","5","1","0.1377774711169"
"381","5","2","0.24550329389444028"
"381","5","3","0.18903483180495745"
"382","1","1","0.14867667288695227"
"382","1","2","0.02604938954215349"
"382","2","1","0.014024961307500233"
"382","2","2","0.1587585317069553"
"382","3","1","0.01958463677815292"
"382","3","2","0.19608536731538853"
"382","4","1","0.05637659445648882"
"382","4","2","0.14563366732233"
"382","5","1","0.029007008326153674"
"382","5","2","0.1434906546268703"
"383","1","1","0.058107193363974886"
"383","1","2","0.08061560820284931"
"383","2","1","0.048464512621805594"
"383","2","2","0.12108364361775595"
"383","2","3","0.14096051423570632"
"383","3","1","0.045135897636649304"
"383","3","2","0.0910245824877104"
"383","3","3","0.10964792906127549"
"383","4","1","0.045135897636649304"
"383","4","2","0.11059173149094052"
"383","4","3","0.14096051423570632"
"383","5","1","0.049088260374517835"
"383","5","2","0.06716627016298744"
"383","5","3","0.14096051423570632"
"384","1","1","0.04206619855033067"
"384","1","2","0.1368015927001228"
"384","1","3","0.09566921713964852"
"384","2","1","0.04206619855033067"
"384","2","2","0.17737289948308185"
"384","2","3","0.06340407329094898"
"384","3","1","0.03185019196009372"
"384","3","2","0.07545706746026795"
"384","3","3","0.09566921713964852"
"384","4","1","0.03090023260658915"
"384","4","2","0.06877336625591408"
"384","4","3","0.06370868715015757"
"384","5","1","0.022363352243424672"
"384","5","2","0.11322470686126775"
"384","5","3","0.06376032459055941"
"391","1","1","0.1172469193652826"
"391","1","2","0.09787763484278678"
"391","2","1","0.1278678660238472"
"391","2","2","0.07995990610194109"
"391","3","1","0.22233600358382694"
"391","3","2","0.15293052971076695"
"391","4","1","0.10214652360095794"
"391","4","2","0.0909612098276207"
"391","5","1","0.14689555606909557"
"391","5","2","0.08663511755726176"
"393","1","1","0.0807104123852783"
"393","1","2","0.08842460485780033"
"393","1","3","0.35259246307518427"
"393","2","1","0.0807104123852783"
"393","2","2","0.08747052815685459"
"393","2","3","0.4438133328267181"
"393","3","1","0.0807104123852783"
"393","3","2","0.07645102525226712"
"393","3","3","0.23696928422798555"
"393","4","1","0.0807104123852783"
"393","4","2","0.10207542215342552"
"393","4","3","0.1612789697278333"
"393","5","1","0.27246221274609167"
"393","5","2","0.02841311251783691"
"393","5","3","0.4037412188689398"
"394","1","1","0.07120601435071806"
"394","1","2","0.06827160001595448"
"394","2","1","0.11837808564087184"
"394","2","2","0.08510143687638032"
"394","2","3","0.06827160001595448"
"394","3","1","0.08510571375164315"
"394","3","2","0.035177997787364856"
"394","3","3","0.02976998455724529"
"394","4","1","0.06256846929320156"
"394","4","2","0.03202967840061975"
"394","4","3","0.057531763330229094"
"394","5","1","0.10045526494423673"
"394","5","2","0.027260309905352765"
"394","5","3","0.02976998455724529"
"395","1","1","0.14789336039960654"
"395","1","2","0.11310723038515995"
"395","1","3","0.09395360933751275"
"395","2","1","0.10690720059546832"
"395","2","2","0.08993070049272307"
"395","3","1","0.11012135580160919"
"395","3","2","0.13275000473690704"
"395","3","3","0.07438812031759004"
"395","4","1","0.11012135580160919"
"395","4","2","0.1337184652146465"
"395","4","3","0.07758116231735919"
"395","5","1","0.11012135580160919"
"395","5","2","0.14583130046810788"
"395","5","3","0.15656158196742512"
"401","1","1","0.0362688641394128"
"401","1","2","0.10192622194396014"
"401","2","1","0.14297673500136723"
"401","2","2","0.009848169365259719"
"401","2","3","0.10192622194396014"
"401","3","1","0.0362688641394128"
"401","3","2","0.07552937816556891"
"401","3","3","0.10374716445824622"
"401","4","1","0.0362688641394128"
"401","4","2","0.09048660615168931"
"401","4","3","0.06060075554044177"
"401","5","1","0.06714234575988343"
"401","5","2","0.047358767530893305"
"401","5","3","0.12276207524159054"
"406","1","1","0.10598589478897984"
"406","1","2","0.13381428324390385"
"406","1","3","0.09139758233259793"
"406","2","1","0.10639963250786236"
"406","2","2","0.20720802364208699"
"406","2","3","0.10358014381717622"
"406","3","1","0.0988570420198958"
"406","3","2","0.061123840584306685"
"406","3","3","0.05009020764345207"
"406","4","1","0.08991511856577633"
"406","4","2","0.16282785366270422"
"406","4","3","0.08318097305349273"
"406","5","1","0.08991511856577633"
"406","5","2","0.18973917396155476"
"406","5","3","0.0866684758407452"
"407","1","1","0.04308696566583388"
"407","1","2","0.12143011328465571"
"407","2","1","0.08590815103705873"
"407","2","2","0.05981431433721377"
"407","3","1","0.30665918863340114"
"407","3","2","0.023705185685632325"
"407","4","1","0.13101707814856267"
"407","4","2","0.055727004966521713"
"407","5","1","0.11514882658848914"
"407","5","2","0.05107564166779621"
"408","1","1","0.03829800794907781"
"408","1","2","0.09125279136510282"
"408","1","3","0.08010113955731997"
"408","2","1","0.03829800794907781"
"408","2","2","0.08589763329347651"
"408","2","3","0.12634273533865592"
"408","3","1","0.03829800794907781"
"408","3","2","0.10288264730699047"
"408","3","3","0.0823041127081914"
"408","4","1","0.03829800794907781"
"408","4","2","0.1017558374312075"
"408","4","3","0.07859722086125528"
"408","5","1","0.03829800794907781"
"408","5","2","0.09299255695005285"
"408","5","3","0.10802723358835747"
"411","1","1","0.04673313597954479"
"411","1","2","0.10528318823935828"
"411","2","1","0.060936737479812896"
"411","2","2","0.09385962598990691"
"411","2","3","0.08733895417033226"
"411","3","1","0.04308278486711886"
"411","3","2","0.09321215764851466"
"411","3","3","0.10396933312329576"
"411","4","1","0.060936737479812896"
"411","4","2","0.08173336897797712"
"411","4","3","0.06632653175747212"
"411","5","1","0.03925578921133145"
"411","5","2","0.031902594265095764"
"411","5","3","0.16635721041996857"
"412","1","1","0.23352784433881038"
"412","1","2","0.2597099385982302"
"412","2","1","0.5536011270282264"
"412","2","2","0.7750543870220944"
"412","3","1","0.38405047413956966"
"412","3","2","0.26912052307618467"
"412","4","1","0.2801911655239457"
"412","4","2","0.25217824593611854"
"412","5","1","0.3281735682136598"
"412","5","2","0.25026153769202863"
"414","1","1","0.044257286376466275"
"414","1","2","0.14106495210603437"
"414","1","3","0.042262595782800956"
"414","2","1","0.12576963842542851"
"414","2","2","0.051539025359775406"
"414","2","3","0.06171520858124223"
"414","3","1","0.044257286376466275"
"414","3","2","0.08925077059020005"
"414","3","3","0.05603519417695964"
"414","4","1","0.07164939608371537"
"414","4","2","0.09190151987171365"
"414","4","3","0.08534844989388869"
"414","5","1","0.12576963842542851"
"414","5","2","0.0441691383745863"
"414","5","3","0.07914879283447752"
"415","1","1","0.06527095526278143"
"415","1","2","0.1968537919383895"
"415","1","3","0.10976606592896489"
"415","2","1","0.20193743167764902"
"415","2","2","0.11137318888503388"
"415","2","3","0.1304848891299136"
"415","3","1","0.07650136155473229"
"415","3","2","0.0543244758180529"
"415","3","3","0.0779610092584261"
"415","4","1","0.07650136155473229"
"415","4","2","0.054468893119872006"
"415","4","3","0.08300268422238373"
"415","5","1","0.06527095526278143"
"415","5","2","0.21630462774029122"
"415","5","3","0.10365798151740832"
"421","1","1","0.10540616331867803"
"421","1","2","0.15583883750737387"
"421","2","1","0.038963728369443146"
"421","2","2","0.04997147880612496"
"421","2","3","0.12001734860744753"
"421","3","1","0.038963728369443146"
"421","3","2","0.05075687948494695"
"421","3","3","0.14679552758334943"
"421","4","1","0.038963728369443146"
"421","4","2","0.07250807876160197"
"421","4","3","0.1350985841483356"
"421","5","1","0.1039402035367027"
"421","5","2","0.034900526560305546"
"421","5","3","0.0489132816027713"
"423","1","1","0.06712272417275186"
"423","1","2","0.042682410762448206"
"423","2","1","0.05024030992735162"
"423","2","2","0.11667810763563673"
"423","2","3","0.0932272300556468"
"423","3","1","0.12106600040970604"
"423","3","2","0.12210552705300183"
"423","3","3","0.06580033780203982"
"423","4","1","0.08131796533534245"
"423","4","2","0.07299774503902273"
"423","5","1","0.08131796533534245"
"423","5","2","0.12117083923023123"
"423","5","3","0.09523391407786315"
"425","1","1","0.07579694896371354"
"425","1","2","0.033619552360224396"
"425","2","1","0.07111491530729878"
"425","2","2","0.07350055652095737"
"425","2","3","0.13121735814456437"
"425","3","1","0.08690885421387007"
"425","3","2","0.0675195184256849"
"425","4","1","0.04421218203744068"
"425","4","2","0.17443416883235222"
"425","4","3","0.0569235129562445"
"425","5","1","0.04421218203744068"
"425","5","2","0.11908339881708008"
"425","5","3","0.08221601119868081"
"428","1","1","0.5298255413804556"
"428","1","2","0.40008570669202237"
"428","2","1","0.5174475701799948"
"428","2","2","0.45338032216506124"
"428","3","1","0.14484730880974836"
"428","3","2","0.1138835740295045"
"428","4","1","0.47583545437300495"
"428","4","2","0.41610577988888076"
"428","5","1","0.4522217746685731"
"428","5","2","0.35509804135729395"
"430","1","1","0.024298794659191436"
"430","1","2","0.09705432925142932"
"430","1","3","0.07724456687853459"
"430","2","1","0.024298794659191436"
"430","2","2","0.21976853782577735"
"430","2","3","0.11192913560636057"
"430","3","1","0.024298794659191436"
"430","3","2","0.1655187584062262"
"430","3","3","0.13155628819313825"
"430","4","1","0.024298794659191436"
"430","4","2","0.1575080289147898"
"430","4","3","0.11874323497403892"
"430","5","1","0.024298794659191436"
"430","5","2","0.12064318568229053"
"430","5","3","0.12515194830699003"
"431","1","1","0.015480017149551726"
"431","1","2","0.1394411886680361"
"431","1","3","0.07199740332056621"
"431","2","1","0.015480017149551726"
"431","2","2","0.19118190754046285"
"431","2","3","0.0741409669021324"
"431","3","1","0.015480017149551726"
"431","3","2","0.2243053673436946"
"431","3","3","0.0723968873977755"
"431","4","1","0.015480017149551726"
"431","4","2","0.18472236411472884"
"431","4","3","0.08525168601857591"
"431","5","1","0.015480017149551726"
"431","5","2","0.12274894487401505"
"431","5","3","0.06388822857151819"
"432","1","1","0.042621452508207085"
"432","1","2","0.0406271337954623"
"432","2","1","0.04115182480277688"
"432","2","2","0.043331912335091136"
"432","2","3","0.06847667652884408"
"432","3","1","0.042621452508207085"
"432","3","2","0.0402109793012998"
"432","3","3","0.09595300605253122"
"432","4","1","0.04115182480277688"
"432","4","2","0.15588191636358645"
"432","4","3","0.0406271337954623"
"432","5","1","0.042621452508207085"
"432","5","2","0.14331061418273602"
"432","5","3","0.08325959960373014"
"434","1","1","0.08372000820301065"
"434","1","2","0.07141614517489665"
"434","2","1","0.19801078553981233"
"434","2","2","0.12111638410321754"
"434","2","3","0.13644539484309468"
"434","3","1","0.13454245326451664"
"434","3","2","0.21862622126535403"
"434","3","3","0.09355559074730983"
"434","4","1","0.13454245326451664"
"434","4","2","0.1904169897075917"
"434","4","3","0.06713967592287896"
"434","5","1","0.10206866049207071"
"434","5","2","0.13107334263727327"
"434","5","3","0.10088271011667391"
"437","1","1","0.3935557751119176"
"437","1","2","0.42045470868645746"
"437","2","1","0.6151975563541154"
"437","2","2","0.6259213237527023"
"437","2","3","0.39881249752047887"
"437","3","1","0.5255731046331469"
"437","3","2","0.42616462281981976"
"437","3","3","0.3719575449953475"
"437","4","1","0.26274446312292565"
"437","4","2","0.24970722763409736"
"437","4","3","0.6703605742972806"
"437","5","1","0.26274446312292565"
"437","5","2","0.19539129026874522"
"437","5","3","0.4326697156151711"
"440","1","1","0.01306938771638284"
"440","1","2","0.014030255059829556"
"440","1","3","0.04726055375063736"
"440","2","1","0.04047402025748482"
"440","2","2","0.08199805282378086"
"440","2","3","0.19293466837594897"
"440","3","1","0.04047402025748482"
"440","3","2","0.12851697308943455"
"440","3","3","0.18514346390888461"
"440","4","1","0.04047402025748482"
"440","4","2","0.08730985516975494"
"440","4","3","0.13549206172682207"
"440","5","1","0.04047402025748482"
"440","5","2","0.10997287762836287"
"440","5","3","0.16664650262221314"
"442","1","1","0.003782809476777918"
"442","1","2","0.16961637150663367"
"442","1","3","0.14980891396628684"
"442","2","1","0.0031924679291177043"
"442","2","2","0.1162715179990222"
"442","2","3","0.1504255968054644"
"442","3","1","0.009358535264889618"
"442","3","2","0.14383254282443192"
"442","3","3","0.14980891396628684"
"442","4","1","0.009358535264889618"
"442","4","2","0.10459641068006408"
"442","4","3","0.07157588774662148"
"442","5","1","0.009358535264889618"
"442","5","2","0.14437166768369927"
"442","5","3","0.08166300089661058"
"448","1","1","0.03864801970551204"
"448","1","2","0.07172709651845308"
"448","1","3","0.030240838514404133"
"448","2","1","0.03404240069877107"
"448","2","2","0.18552237629141619"
"448","2","3","0.046517543970787334"
"448","3","1","0.035216390082215485"
"448","3","2","0.12845610147721528"
"448","3","3","0.03831585338994353"
"448","4","1","0.035216390082215485"
"448","4","2","0.14105835179289444"
"448","4","3","0.04470447513352309"
"448","5","1","0.03404240069877107"
"448","5","2","0.06789861980336345"
"448","5","3","0.07675775586461223"
"453","1","1","0.9062227661335425"
"453","1","2","0.07267442107054133"
"453","2","1","0.8958954412890894"
"453","2","2","0.07143243783942042"
"453","3","1","0.9171473604194694"
"453","3","2","0.07155068671085281"
"453","4","1","0.13423301957279088"
"453","4","2","0.2633492195515232"
"453","5","1","0.10123663634454239"
"453","5","2","0.16011391473404368"
"457","1","1","0.7618654910234166"
"457","1","2","0.5222071828596402"
"457","2","1","0.7618654910234166"
"457","2","2","0.5222071828596402"
"457","3","1","0.48115034516613514"
"457","3","2","0.32970525338030154"
"457","4","1","0.35476657422343105"
"457","4","2","0.24178536348636978"
"457","5","1","0.17473780893773588"
"457","5","2","0.13422872988071413"
"459","1","1","0.06427702558528364"
"459","1","2","0.0627249469086722"
"459","2","1","0.04989529117076035"
"459","2","2","0.08109734186393307"
"459","2","3","0.090145931444491"
"459","3","1","0.04989529117076035"
"459","3","2","0.10948819451985309"
"459","3","3","0.0866013340308034"
"459","4","1","0.033066260587910394"
"459","4","2","0.13456418586378055"
"459","4","3","0.1302531053043074"
"459","5","1","0.1538399878786767"
"459","5","2","0.040808219422352764"
"459","5","3","0.09680476549727142"
"463","1","1","0.023377241650063097"
"463","1","2","0.07920016108000742"
"463","2","1","0.023377241650063097"
"463","2","2","0.07453505823876623"
"463","2","3","0.06276940028690044"
"463","3","1","0.026629605258853956"
"463","3","2","0.1540234955039985"
"463","3","3","0.09118258007982204"
"463","4","1","0.026629605258853956"
"463","4","2","0.1394321793382588"
"463","4","3","0.09064818392229322"
"463","5","1","0.026629605258853956"
"463","5","2","0.09876675267480015"
"463","5","3","0.12337205029680728"
"470","1","1","0.2266004598494368"
"470","1","2","0.23990403774573174"
"470","2","1","0.3483245663948621"
"470","2","2","0.3644983332317689"
"470","3","1","0.15767905797404216"
"470","3","2","0.12175162418762532"
"470","4","1","0.09447630810655669"
"470","4","2","0.0850549251900392"
"470","5","1","0.06578836005595547"
"470","5","2","0.04867941921855286"
"475","1","1","0.08060264065758875"
"475","1","2","0.03397372348340367"
"475","2","1","0.22490289518377818"
"475","2","2","0.03051438144703374"
"475","3","1","0.09454091395532142"
"475","3","2","0.027363806801760593"
"475","4","1","0.07926446907896159"
"475","4","2","0.08040991242396539"
"475","4","3","0.026238641416326317"
"475","5","1","0.07186663047473842"
"475","5","2","0.09379295142271678"
"475","5","3","0.01875929280954265"
"479","1","1","0.41017183259178686"
"479","1","2","0.14608785674699368"
"479","2","1","0.07700748987163072"
"479","2","2","0.06625362410745315"
"479","2","3","0.06261893481645321"
"479","3","1","0.05392207980197767"
"479","3","2","0.1174287988687418"
"479","4","1","0.07700748987163072"
"479","4","2","0.07099265911341004"
"479","4","3","0.11885573960885552"
"479","5","1","0.07700748987163072"
"479","5","2","0.09675578361247125"
"479","5","3","0.0962534013982042"
"488","1","1","0.17375611500783975"
"488","1","2","0.2800441968286779"
"488","2","1","0.17375611500783975"
"488","2","2","0.23111442675144642"
"488","2","3","0.34508868514163765"
"488","3","1","0.17375611500783975"
"488","3","2","0.17525615035116462"
"488","3","3","0.23282914675539262"
"488","4","1","0.22332235595218186"
"488","4","2","0.22999078093265146"
"488","4","3","0.26831154549230213"
"488","5","1","0.22332235595218186"
"488","5","2","0.2238484446011013"
"488","5","3","0.23817517546665673"
"491","1","1","0.16142337988361022"
"491","1","2","0.08670717945737101"
"491","2","1","0.2035861848789637"
"491","2","2","0.2434624420924876"
"491","3","1","0.12748756302514794"
"491","3","2","0.16034294511810013"
"491","4","1","0.09821813805548842"
"491","4","2","0.07732506652624418"
"491","5","1","0.0979697279221949"
"491","5","2","0.11051912265685987"
"492","1","1","0.3635809520074126"
"492","1","2","0.12626541878463401"
"492","2","1","0.0986982408170855"
"492","2","2","0.21031503644001892"
"492","3","1","0.11928647527299649"
"492","3","2","0.23611419416320575"
"492","4","1","0.17665486148640305"
"492","4","2","0.13604804651407196"
"492","5","1","0.1518301531815968"
"492","5","2","0.11921313062660273"
"495","1","1","0.14573369749383233"
"495","1","2","0.06157055587722322"
"495","1","3","0.08474052408352123"
"495","2","1","0.0793605285399735"
"495","2","2","0.07308496869369391"
"495","2","3","0.06673131253727735"
"495","3","1","0.0793605285399735"
"495","3","2","0.12382097197555271"
"495","3","3","0.10167763472070362"
"495","4","1","0.0793605285399735"
"495","4","2","0.10684613496877596"
"495","4","3","0.08048208173645975"
"495","5","1","0.0793605285399735"
"495","5","2","0.09914975784266299"
"495","5","3","0.08666114380599739"
"496","1","1","0.0456615220761956"
"496","1","2","0.12821216060019075"
"496","2","1","0.05812678980365426"
"496","2","2","0.13040093109497203"
"496","2","3","0.0911186374510128"
"496","3","1","0.05726216525243929"
"496","3","2","0.13858280880288784"
"496","3","3","0.0911186374510128"
"496","4","1","0.031509250995005136"
"496","4","2","0.070224046742654"
"496","4","3","0.12101309169251888"
"496","5","1","0.031509250995005136"
"496","5","2","0.08221384177760033"
"496","5","3","0.09498215985155871"
"505","1","1","0.11997908182328662"
"505","1","2","0.03486684888660148"
"505","2","1","0.0588604616825516"
"505","2","2","0.09476699545978838"
"505","3","1","0.05762643093701192"
"505","3","2","0.08176537036603174"
"505","4","1","0.36034938795033117"
"505","4","2","0.019471798689043186"
"505","5","1","0.12788786042647046"
"505","5","2","0.049536290783877744"
"506","1","1","0.14499164091313607"
"506","1","2","0.2546516338693977"
"506","2","1","0.11252233548575571"
"506","2","2","0.19860537786072213"
"506","3","1","0.14499164091313607"
"506","3","2","0.34839006629494146"
"506","3","3","0.21797982442035593"
"506","4","1","0.1688489410708327"
"506","4","2","0.13116940723387305"
"506","4","3","0.19860537786072213"
"506","5","1","0.14499164091313607"
"506","5","2","0.12939870780795398"
"506","5","3","0.10550354728637691"
"507","1","1","0.10574599445241811"
"507","1","2","0.1119087803410475"
"507","2","1","0.08909394527383997"
"507","2","2","0.08329391898380344"
"507","2","3","0.10988020083337759"
"507","3","1","0.1137586261722528"
"507","3","2","0.12189876935059157"
"507","3","3","0.08492413731061817"
"507","4","1","0.1087953412415765"
"507","4","2","0.08662726827133144"
"507","4","3","0.08492413731061817"
"507","5","1","0.1137586261722528"
"507","5","2","0.10156947821018258"
"507","5","3","0.11113145937122708"
"508","1","1","0.10904360674682938"
"508","1","2","0.11062390210761906"
"508","1","3","0.09307308942350871"
"508","2","1","0.1443622882976988"
"508","2","2","0.04834402403279648"
"508","2","3","0.09307308942350871"
"508","3","1","0.15215884653977438"
"508","3","2","0.03722472280183093"
"508","3","3","0.09307308942350871"
"508","4","1","0.1443622882976988"
"508","4","2","0.063807585480854"
"508","4","3","0.16544221226676573"
"508","5","1","0.15215884653977438"
"508","5","2","0.05353693897909362"
"508","5","3","0.16544221226676573"
"511","1","1","0.03228291744755545"
"511","1","2","0.061405857127810035"
"511","1","3","1.0000000000000002"
"511","2","1","0.03228291744755545"
"511","2","2","0.06380093169712818"
"511","2","3","0.19446180788983747"
"511","3","1","0.03228291744755545"
"511","3","2","0.06094179967862578"
"511","3","3","0.20726185658075433"
"511","4","1","0.16638061711509405"
"511","4","2","0.05660233491631721"
"511","4","3","0.22302485065947908"
"511","5","1","0.03228291744755545"
"511","5","2","0.057139483506024116"
"511","5","3","0.18906457414348554"
"513","1","1","0.07195787850129318"
"513","1","2","0.18447842193318187"
"513","1","3","0.18447842193318187"
"513","2","1","0.07195787850129318"
"513","2","2","0.04655833900064966"
"513","2","3","0.04655833900064966"
"513","3","1","0.07195787850129318"
"513","3","2","0.1776104410026802"
"513","3","3","0.1776104410026802"
"513","4","1","0.07195787850129318"
"513","4","2","0.0688879805604874"
"513","4","3","0.0688879805604874"
"513","5","1","0.07195787850129318"
"513","5","2","0.07551780167225759"
"513","5","3","0.07551780167225759"
"515","1","1","0.20421616073943974"
"515","1","2","0.21613481586673366"
"515","2","1","0.27072907842358684"
"515","2","2","0.18949621004505354"
"515","3","1","0.16007683659559108"
"515","3","2","0.17325746465331607"
"515","4","1","0.12989646696572396"
"515","4","2","0.13367008883461176"
"515","5","1","0.25215156390076254"
"515","5","2","0.24950884430445788"
"520","1","1","0.39627615852143677"
"520","1","2","0.37800115921782274"
"520","2","1","0.5529267765278671"
"520","2","2","0.6422542227442982"
"520","3","1","0.5034906150045714"
"520","3","2","0.5870674612126016"
"520","4","1","0.5988056980232359"
"520","4","2","0.6996913310836888"
"520","5","1","0.07535265484744459"
"520","5","2","0.0833405068631315"
"524","1","1","0.03575992149866932"
"524","1","2","0.07802085945957218"
"524","2","1","0.04924850207385362"
"524","2","2","0.06528756465441012"
"524","3","1","0.12075579587886674"
"524","3","2","0.030646860561271742"
"524","4","1","0.1121366227336658"
"524","4","2","0.05881567335361641"
"524","5","1","0.09161941544039784"
"524","5","2","0.05632238529285388"
"526","1","1","0.1415748924888571"
"526","1","2","0.21351814373523176"
"526","2","1","0.10383283505370422"
"526","2","2","0.1349219889721351"
"526","3","1","0.11695083739984567"
"526","3","2","0.18449326397820046"
"526","4","1","0.1177049174434296"
"526","4","2","0.18037104313085664"
"526","5","1","0.10068150678268563"
"526","5","2","0.1551577282847847"
"529","1","1","0.047500035121883666"
"529","1","2","0.12833061336128557"
"529","1","3","0.10090128942484537"
"529","2","1","0.026352116338266993"
"529","2","2","0.1368085288364871"
"529","2","3","0.1319756677309367"
"529","3","1","0.026352116338266993"
"529","3","2","0.15078404403535298"
"529","3","3","0.13881171315179575"
"529","4","1","0.026352116338266993"
"529","4","2","0.13911637745910704"
"529","4","3","0.10652408309883432"
"529","5","1","0.026352116338266993"
"529","5","2","0.15422201550278425"
"529","5","3","0.08568996472221642"
"530","1","1","0.7861452407005934"
"530","1","2","0.03069942043829859"
"530","2","1","0.7430456816860841"
"530","2","2","0.03552768276361574"
"530","3","1","0.05064949995410134"
"530","3","2","0.2097538774495947"
"530","4","1","0.03411582999134051"
"530","4","2","0.09885615547183492"
"530","4","3","0.09885615547183489"
"530","5","1","0.03411582999134051"
"530","5","2","0.13678730286299792"
"530","5","3","0.1367873028629979"
"533","1","1","0.7199005160244696"
"533","1","2","0.11362964492750353"
"533","1","3","0.08064614522140293"
"533","2","1","0.6777958448491616"
"533","2","2","0.1032797598246857"
"533","2","3","0.08064614522140293"
"533","3","1","0.7700943842063853"
"533","3","2","0.11597195856619223"
"533","3","3","0.08064614522140293"
"533","4","1","0.6425512884115193"
"533","4","2","0.1021157203552083"
"533","4","3","0.08064614522140293"
"533","5","1","0.7396632774354251"
"533","5","2","0.1102522602615101"
"533","5","3","0.08064614522140293"
"534","1","1","0.07229624953357026"
"534","1","2","0.025352078744717687"
"534","1","3","0.09017470215319931"
"534","2","1","0.03936925125288771"
"534","2","2","0.10829701783287028"
"534","2","3","0.15680294166298886"
"534","3","1","0.03936925125288771"
"534","3","2","0.11049061842852441"
"534","3","3","0.13386842636998908"
"534","4","1","0.054281501082024355"
"534","4","2","0.101383617484939"
"534","4","3","0.154519864247306"
"534","5","1","0.03936925125288771"
"534","5","2","0.10420775945530922"
"534","5","3","0.12428638483379077"
"540","1","1","0.07859439996490035"
"540","1","2","0.14490199432665943"
"540","1","3","0.09761769393386512"
"540","2","1","0.04926568502234609"
"540","2","2","0.12124435394717768"
"540","2","3","0.12544653336442793"
"540","3","1","0.05119730312099439"
"540","3","2","0.1480257450263467"
"540","3","3","0.12303892589839056"
"540","4","1","0.05119730312099439"
"540","4","2","0.16403822396565892"
"540","4","3","0.11492728006338658"
"540","5","1","0.05119730312099439"
"540","5","2","0.14852165401007164"
"540","5","3","0.137582131113976"
"541","1","1","0.2155824988028991"
"541","1","2","0.38873377001991966"
"541","1","3","0.08893186502044229"
"541","2","1","0.17377855872859527"
"541","2","2","0.16844165394755314"
"541","2","3","0.10358547706134143"
"541","3","1","0.12843211424471648"
"541","3","2","0.3044328529495962"
"541","3","3","0.08583781988503622"
"541","4","1","0.11311430986448973"
"541","4","2","0.13725905836317573"
"541","4","3","0.1684551498208867"
"541","5","1","0.12843211424471648"
"541","5","2","0.12210198188439082"
"541","5","3","0.1684551498208867"
"546","1","1","0.17746074800631872"
"546","1","2","0.13295146189487872"
"546","1","3","0.06382952087069327"
"546","2","1","0.07676975911930832"
"546","2","2","0.04264583424816698"
"546","3","1","0.07676975911930832"
"546","3","2","0.08623151570827442"
"546","3","3","0.10667741014467186"
"546","4","1","0.07676975911930832"
"546","4","2","0.058130577573682216"
"546","4","3","0.07320607528875209"
"546","5","1","0.07676975911930832"
"546","5","2","0.0909452776741573"
"546","5","3","0.2027245737950224"
"548","1","1","0.34632452392154056"
"548","1","2","0.18708444385629674"
"548","2","1","0.11788575009149434"
"548","2","2","0.11526305568798914"
"548","3","1","0.1611395195748934"
"548","3","2","0.10925113311891742"
"548","4","1","0.08209099167868215"
"548","4","2","0.16114876390166408"
"548","5","1","0.14523887834590596"
"548","5","2","0.14687517996066432"
"552","1","1","0.0644697698380228"
"552","1","2","0.11794971084563122"
"552","1","3","0.044321625873115784"
"552","2","1","0.05168675974468591"
"552","2","2","0.11254287958287006"
"552","2","3","0.07138589849316797"
"552","3","1","0.05168675974468591"
"552","3","2","0.15534887191795654"
"552","3","3","0.07495295003999165"
"552","4","1","0.05168675974468591"
"552","4","2","0.29201790631025726"
"552","4","3","0.09227599921029844"
"552","5","1","0.05168675974468591"
"552","5","2","0.23263543289667743"
"552","5","3","0.10184670625645155"
"553","1","1","0.2404704036608183"
"553","1","2","0.3551834499916778"
"553","2","1","0.24630468499303382"
"553","2","2","0.11284544839836323"
"553","3","1","0.05723927814996145"
"553","3","2","0.08062973603167706"
"553","4","1","0.07875567046490112"
"553","4","2","0.06702276890812267"
"553","5","1","0.06327312629495511"
"553","5","2","0.061097465934976856"
"555","1","1","0.17937729452075357"
"555","1","2","0.09804331909113657"
"555","2","1","0.11806479381107308"
"555","2","2","0.13687107910174312"
"555","3","1","0.13263087285285682"
"555","3","2","0.10604266030303558"
"555","4","1","0.10551158479524661"
"555","4","2","0.10915141484459835"
"555","4","3","0.1121840900418642"
"555","5","1","0.10551158479524661"
"555","5","2","0.13426017174412172"
"555","5","3","0.09437160060354474"
"557","1","1","0.015056382865116551"
"557","1","2","0.03258910580279879"
"557","1","3","0.05628645182117999"
"557","2","1","0.023722665452023128"
"557","2","2","0.1176863086610144"
"557","2","3","0.03858834614300332"
"557","3","1","0.023722665452023128"
"557","3","2","0.15510597167437754"
"557","3","3","0.14342072455481378"
"557","4","1","0.08045707628093862"
"557","4","2","0.03428691469285307"
"557","4","3","0.06134082990176411"
"557","5","1","0.03344425565381433"
"557","5","2","0.06236616763672729"
"557","5","3","0.03410220179882965"
"560","1","1","0.13058571015639586"
"560","1","2","0.08338557270060552"
"560","2","1","0.15165495955814484"
"560","2","2","0.06541434893077185"
"560","2","3","0.07078882554742398"
"560","3","1","0.14175734714614457"
"560","3","2","0.19614222681490304"
"560","3","3","0.06537015189846312"
"560","4","1","0.11850084213243901"
"560","4","2","0.07421128968119134"
"560","4","3","0.07963546358856184"
"560","5","1","0.11850084213243901"
"560","5","2","0.1401851830560228"
"560","5","3","0.148232496454084"
"563","1","1","0.10564755608794893"
"563","1","2","0.2283957603360254"
"563","2","1","0.12714797645255424"
"563","2","2","0.0952291528833758"
"563","2","3","0.19432281098571177"
"563","3","1","0.10564755608794893"
"563","3","2","0.28423245196680486"
"563","3","3","0.5188688775241957"
"563","4","1","0.12714797645255424"
"563","4","2","0.11549823142924638"
"563","4","3","0.19454326987446863"
"563","5","1","0.12714797645255424"
"563","5","2","0.0985337666947552"
"563","5","3","0.10436082439742878"
"569","1","1","0.2508956988650765"
"569","1","2","0.03044510137089073"
"569","2","1","0.11942294525530417"
"569","2","2","0.03899109636689286"
"569","3","1","0.19425583200494836"
"569","3","2","0.0371302961979345"
"569","4","1","0.22648766505700257"
"569","4","2","0.04281043872075903"
"569","5","1","0.22347548999234682"
"569","5","2","0.06856929610038162"
"570","1","1","0.061024484949022594"
"570","1","2","0.08769164224200296"
"570","2","1","0.08586497214248394"
"570","2","2","0.12939813495982527"
"570","3","1","0.0988110773505992"
"570","3","2","0.131074260859683"
"570","4","1","0.145141527199388"
"570","4","2","0.1271235303968088"
"570","5","1","0.042725199494681516"
"570","5","2","0.08532643674277623"
"571","1","1","0.07338600069088669"
"571","1","2","0.0872919023542127"
"571","1","3","0.03743988892689569"
"571","2","1","0.04309781943708456"
"571","2","2","0.08340927853358993"
"571","2","3","0.04782714491363545"
"571","3","1","0.04309781943708456"
"571","3","2","0.0243195256086523"
"571","3","3","0.029627584678734435"
"571","4","1","0.04309781943708456"
"571","4","2","0.013969153657026162"
"571","4","3","0.014892119152386543"
"571","5","1","0.04309781943708456"
"571","5","2","0.08895080451978396"
"571","5","3","0.05864737357005206"
"572","1","1","0.06777819556903648"
"572","1","2","0.07033435591550824"
"572","1","3","0.12315240315715105"
"572","2","1","0.19241102515148972"
"572","2","2","0.07899758372387253"
"572","2","3","0.1111360629248237"
"572","3","1","0.06777819556903648"
"572","3","2","0.11349681828006856"
"572","3","3","0.10985034514924416"
"572","4","1","0.08612987023609223"
"572","4","2","0.09486190677810859"
"572","4","3","0.14217298078934393"
"572","5","1","0.21695854410180862"
"572","5","2","0.07232990664110697"
"572","5","3","0.06246308371729232"
"576","1","1","0.1392017223080827"
"576","1","2","0.05067860154359194"
"576","2","1","0.1392017223080827"
"576","2","2","0.09373118875952335"
"576","2","3","0.04941274709294176"
"576","3","1","0.09006383012819368"
"576","3","2","0.1177139115517619"
"576","3","3","0.13470816279234177"
"576","4","1","0.10475978718655768"
"576","4","2","0.13822353481022812"
"576","4","3","0.06917244613410446"
"576","5","1","0.09076485541395225"
"576","5","2","0.11057791699455476"
"576","5","3","0.10332626886442918"
"579","1","1","0.035656110101173664"
"579","1","2","0.1591351279462306"
"579","1","3","0.14728278701512862"
"579","2","1","0.035656110101173664"
"579","2","2","0.284214930551351"
"579","2","3","0.1284340535427426"
"579","3","1","0.09390371601885596"
"579","3","2","0.06455930785228092"
"579","3","3","0.1284340535427426"
"579","4","1","0.035656110101173664"
"579","4","2","0.13291855412196046"
"579","4","3","0.10393925950962983"
"579","5","1","0.11827402685730187"
"579","5","2","0.05153702228942"
"579","5","3","0.1284340535427426"
"582","1","1","0.06579084679320718"
"582","1","2","0.06638008633382673"
"582","2","1","0.074395357689117"
"582","2","2","0.09718290123689283"
"582","3","1","0.06517070355720953"
"582","3","2","0.10588699920984682"
"582","4","1","0.05360666364909747"
"582","4","2","0.08133162193052638"
"582","5","1","0.07167588277634555"
"582","5","2","0.08236817000925176"
"583","1","1","0.6676204843540965"
"583","1","2","0.2954345349122709"
"583","2","1","0.6762967850216105"
"583","2","2","0.303952221002674"
"583","3","1","0.7231064642954764"
"583","3","2","0.31998811746747424"
"583","4","1","0.6714989884040712"
"583","4","2","0.2971508454015576"
"583","5","1","0.7113791034329195"
"583","5","2","0.31479854122861783"
"584","1","1","0.1133582601862011"
"584","1","2","0.098348557762726"
"584","2","1","0.10459601919151687"
"584","2","2","0.11998466707518765"
"584","2","3","0.0918202585878174"
"584","3","1","0.24332919597643357"
"584","3","2","0.088113258788105"
"584","3","3","0.0712426142033668"
"584","4","1","0.2849530739140803"
"584","4","2","0.0824836828141383"
"584","4","3","0.07984427683131926"
"584","5","1","0.0995058239301326"
"584","5","2","0.18177667851680318"
"584","5","3","0.07236667074180252"
"585","1","1","0.5720694012067663"
"585","1","2","0.6868367708703116"
"585","2","1","0.5689192107330788"
"585","2","2","0.72357988618967"
"585","3","1","0.5329770170970671"
"585","3","2","0.6778668079706357"
"585","4","1","0.5709570736608865"
"585","4","2","0.6855012904930174"
"585","5","1","0.5506264057634798"
"585","5","2","0.6610919264213939"
"591","1","1","0.03437067647499768"
"591","1","2","0.054614078372712295"
"591","2","1","0.03437067647499768"
"591","2","2","0.057731738114473734"
"591","2","3","0.05966883260248292"
"591","3","1","0.08570135705214503"
"591","3","2","0.12238509787218144"
"591","4","1","0.12500144580707867"
"591","4","2","0.06021785890727067"
"591","4","3","0.12238509787218144"
"591","5","1","0.33182384705658813"
"591","5","2","0.036612424982428275"
"591","5","3","0.11096127454988496"
"593","1","1","0.1748695050655721"
"593","1","2","0.21696456468624134"
"593","2","1","0.19584048336909776"
"593","2","2","0.2129567178549943"
"593","3","1","0.1680048315657542"
"593","3","2","0.16574034230456405"
"593","4","1","0.13714141936872182"
"593","4","2","0.11337911409224323"
"593","5","1","0.14766466148079074"
"593","5","2","0.09601771557655112"
"599","1","1","0.1597383158606467"
"599","1","2","0.1684411778986293"
"599","2","1","0.2131313295190051"
"599","2","2","0.03759173942605505"
"599","2","3","0.02753992791848851"
"599","3","1","0.2131313295190051"
"599","3","2","0.06796760596865685"
"599","3","3","0.0839792890014878"
"599","4","1","0.2131313295190051"
"599","4","2","0.08449483144029406"
"599","4","3","0.09305712825412842"
"599","5","1","0.2131313295190051"
"599","5","2","0.05226287734380356"
"599","5","3","0.058989779153693314"
"603","1","1","0.1294712626851681"
"603","1","2","0.09789882228278945"
"603","1","3","0.09789882228278945"
"603","2","1","0.1294712626851681"
"603","2","2","0.1265321791236641"
"603","2","3","0.1265321791236641"
"603","3","1","0.09090571259827225"
"603","3","2","0.15016791779684419"
"603","3","3","0.17411786853376554"
"603","4","1","0.0697528470133086"
"603","4","2","0.07295593549277694"
"603","4","3","0.09886089747122448"
"603","5","1","0.0697528470133086"
"603","5","2","0.1343942440210146"
"603","5","3","0.10850977692861727"
"605","1","1","0.0659482248861027"
"605","1","2","0.06968371293025961"
"605","2","1","0.06850093035484998"
"605","2","2","0.04502874414072056"
"605","3","1","0.06426248067485547"
"605","3","2","0.057418368212421314"
"605","4","1","0.060087791671757644"
"605","4","2","0.07475909201981318"
"605","5","1","0.08137553267157056"
"605","5","2","0.05687614511164572"
"606","1","1","0.09882165653230822"
"606","1","2","0.12118702390934626"
"606","1","3","0.060315828183420094"
"606","2","1","0.07611684879385262"
"606","2","2","0.07952504036768412"
"606","3","1","0.0730447306687578"
"606","3","2","0.10138368893596246"
"606","4","1","0.11734999858827455"
"606","4","2","0.14423992926655207"
"606","4","3","0.13117865247989094"
"606","5","1","0.0865119994414347"
"606","5","2","0.10338625745987393"
"606","5","3","0.1282968762121615"
"608","1","1","0.12617922670417858"
"608","1","2","0.1883415096893452"
"608","2","1","0.28972915456168213"
"608","2","2","0.08358062469288217"
"608","3","1","0.3784905761644209"
"608","3","2","0.1017840550332178"
"608","4","1","0.18710984739810493"
"608","4","2","0.14984248121358915"
"608","5","1","0.15850204529225873"
"608","5","2","0.1067565052513549"
"610","1","1","0.1270294267751116"
"610","1","2","0.10547268174512003"
"610","2","1","0.12057966992202138"
"610","2","2","0.2316550146391361"
"610","2","3","0.23203572392046692"
"610","3","1","0.1270294267751116"
"610","3","2","0.09399829658824924"
"610","3","3","0.23736054005488091"
"610","4","1","0.12057966992202138"
"610","4","2","0.22073190116279887"
"610","4","3","0.17476184650044274"
"610","5","1","0.12057966992202138"
"610","5","2","0.21939578930288195"
"610","5","3","0.2287080559244661"
"611","1","1","0.05182637623664703"
"611","1","2","0.07618813717474605"
"611","2","1","0.10302247777823521"
"611","2","2","0.2688589195915633"
"611","2","3","0.11720557828302545"
"611","3","1","0.10302247777823521"
"611","3","2","0.18335587000996456"
"611","3","3","0.09159317499538427"
"611","4","1","0.269211402239009"
"611","4","2","0.13596084183072582"
"611","4","3","0.08831125473911916"
"611","5","1","0.19277850036343738"
"611","5","2","0.12460184663117194"
"611","5","3","0.0985000260525484"
"613","1","1","0.01363915819015803"
"613","1","2","0.15510597167437754"
"613","2","1","0.016291929140142766"
"613","2","2","0.06082093299527604"
"613","3","1","0.016291929140142766"
"613","3","2","0.16529367815453763"
"613","3","3","0.027042658946948073"
"613","4","1","0.016291929140142766"
"613","4","2","0.04586509201157138"
"613","4","3","0.08371623394166143"
"613","5","1","0.016291929140142766"
"613","5","2","0.04320344507765218"
"613","5","3","0.02902543595037032"
"614","1","1","0.08906495761370994"
"614","1","2","0.13391862232108329"
"614","2","1","0.1315200081166627"
"614","2","2","0.19341579486385294"
"614","2","3","0.13391862232108329"
"614","3","1","0.09816453521364109"
"614","3","2","0.21699717330972212"
"614","3","3","0.13391862232108329"
"614","4","1","0.0948530533174897"
"614","4","2","0.20343408485358397"
"614","4","3","0.13391862232108329"
"614","5","1","0.1158160427312978"
"614","5","2","0.19763110934729855"
"614","5","3","0.13391862232108329"
"619","1","1","0.6151292222148522"
"619","1","2","0.6403792901475834"
"619","2","1","0.08724024572170562"
"619","2","2","0.08967528826694035"
"619","3","1","0.04864961919617921"
"619","3","2","0.05096476925183052"
"619","4","1","0.08048929151035629"
"619","4","2","0.06946128814607776"
"619","5","1","0.03658741071479385"
"619","5","2","0.03640033821843359"
"624","1","1","0.04792685999024647"
"624","1","2","0.10275406935117799"
"624","2","1","0.04792685999024647"
"624","2","2","0.0894903784704557"
"624","2","3","0.04632891766393748"
"624","3","1","0.04792685999024647"
"624","3","2","0.18651867432392527"
"624","3","3","0.061752567344597574"
"624","4","1","0.04792685999024647"
"624","4","2","0.08502234017178607"
"624","4","3","0.05129059895087806"
"624","5","1","0.04792685999024647"
"624","5","2","0.06851363703739698"
"624","5","3","0.10407101321342144"
